date,date_key,year,quarter,month_number,month_name,year_month,week_start,is_future_at_extract
2025-06-04,20250604,2025,Q2,6,June,2025-06,2025-06-02,False
2025-06-05,20250605,2025,Q2,6,June,2025-06,2025-06-02,False
2025-06-06,20250606,2025,Q2,6,June,2025-06,2025-06-02,False
2025-06-07,20250607,2025,Q2,6,June,2025-06,2025-06-02,False
2025-06-08,20250608,2025,Q2,6,June,2025-06,2025-06-02,False
2025-06-09,20250609,2025,Q2,6,June,2025-06,2025-06-09,False
2025-06-10,20250610,2025,Q2,6,June,2025-06,2025-06-09,False
2025-06-11,20250611,2025,Q2,6,June,2025-06,2025-06-09,False
2025-06-12,20250612,2025,Q2,6,June,2025-06,2025-06-09,False
2025-06-13,20250613,2025,Q2,6,June,2025-06,2025-06-09,False
2025-06-14,20250614,2025,Q2,6,June,2025-06,2025-06-09,False
2025-06-15,20250615,2025,Q2,6,June,2025-06,2025-06-09,False
2025-06-16,20250616,2025,Q2,6,June,2025-06,2025-06-16,False
2025-06-17,20250617,2025,Q2,6,June,2025-06,2025-06-16,False
2025-06-18,20250618,2025,Q2,6,June,2025-06,2025-06-16,False
2025-06-19,20250619,2025,Q2,6,June,2025-06,2025-06-16,False
2025-06-20,20250620,2025,Q2,6,June,2025-06,2025-06-16,False
2025-06-21,20250621,2025,Q2,6,June,2025-06,2025-06-16,False
2025-06-22,20250622,2025,Q2,6,June,2025-06,2025-06-16,False
2025-06-23,20250623,2025,Q2,6,June,2025-06,2025-06-23,False
2025-06-24,20250624,2025,Q2,6,June,2025-06,2025-06-23,False
2025-06-25,20250625,2025,Q2,6,June,2025-06,2025-06-23,False
2025-06-26,20250626,2025,Q2,6,June,2025-06,2025-06-23,False
2025-06-27,20250627,2025,Q2,6,June,2025-06,2025-06-23,False
2025-06-28,20250628,2025,Q2,6,June,2025-06,2025-06-23,False
2025-06-29,20250629,2025,Q2,6,June,2025-06,2025-06-23,False
2025-06-30,20250630,2025,Q2,6,June,2025-06,2025-06-30,False
2025-07-01,20250701,2025,Q3,7,July,2025-07,2025-06-30,False
2025-07-02,20250702,2025,Q3,7,July,2025-07,2025-06-30,False
2025-07-03,20250703,2025,Q3,7,July,2025-07,2025-06-30,False
2025-07-04,20250704,2025,Q3,7,July,2025-07,2025-06-30,False
2025-07-05,20250705,2025,Q3,7,July,2025-07,2025-06-30,False
2025-07-06,20250706,2025,Q3,7,July,2025-07,2025-06-30,False
2025-07-07,20250707,2025,Q3,7,July,2025-07,2025-07-07,False
2025-07-08,20250708,2025,Q3,7,July,2025-07,2025-07-07,False
2025-07-09,20250709,2025,Q3,7,July,2025-07,2025-07-07,False
2025-07-10,20250710,2025,Q3,7,July,2025-07,2025-07-07,False
2025-07-11,20250711,2025,Q3,7,July,2025-07,2025-07-07,False
2025-07-12,20250712,2025,Q3,7,July,2025-07,2025-07-07,False
2025-07-13,20250713,2025,Q3,7,July,2025-07,2025-07-07,False
2025-07-14,20250714,2025,Q3,7,July,2025-07,2025-07-14,False
2025-07-15,20250715,2025,Q3,7,July,2025-07,2025-07-14,False
2025-07-16,20250716,2025,Q3,7,July,2025-07,2025-07-14,False
2025-07-17,20250717,2025,Q3,7,July,2025-07,2025-07-14,False
2025-07-18,20250718,2025,Q3,7,July,2025-07,2025-07-14,False
2025-07-19,20250719,2025,Q3,7,July,2025-07,2025-07-14,False
2025-07-20,20250720,2025,Q3,7,July,2025-07,2025-07-14,False
2025-07-21,20250721,2025,Q3,7,July,2025-07,2025-07-21,False
2025-07-22,20250722,2025,Q3,7,July,2025-07,2025-07-21,False
2025-07-23,20250723,2025,Q3,7,July,2025-07,2025-07-21,False
2025-07-24,20250724,2025,Q3,7,July,2025-07,2025-07-21,False
2025-07-25,20250725,2025,Q3,7,July,2025-07,2025-07-21,False
2025-07-26,20250726,2025,Q3,7,July,2025-07,2025-07-21,False
2025-07-27,20250727,2025,Q3,7,July,2025-07,2025-07-21,False
2025-07-28,20250728,2025,Q3,7,July,2025-07,2025-07-28,False
2025-07-29,20250729,2025,Q3,7,July,2025-07,2025-07-28,False
2025-07-30,20250730,2025,Q3,7,July,2025-07,2025-07-28,False
2025-07-31,20250731,2025,Q3,7,July,2025-07,2025-07-28,False
2025-08-01,20250801,2025,Q3,8,August,2025-08,2025-07-28,False
2025-08-02,20250802,2025,Q3,8,August,2025-08,2025-07-28,False
2025-08-03,20250803,2025,Q3,8,August,2025-08,2025-07-28,False
2025-08-04,20250804,2025,Q3,8,August,2025-08,2025-08-04,False
2025-08-05,20250805,2025,Q3,8,August,2025-08,2025-08-04,False
2025-08-06,20250806,2025,Q3,8,August,2025-08,2025-08-04,False
2025-08-07,20250807,2025,Q3,8,August,2025-08,2025-08-04,False
2025-08-08,20250808,2025,Q3,8,August,2025-08,2025-08-04,False
2025-08-09,20250809,2025,Q3,8,August,2025-08,2025-08-04,False
2025-08-10,20250810,2025,Q3,8,August,2025-08,2025-08-04,False
2025-08-11,20250811,2025,Q3,8,August,2025-08,2025-08-11,False
2025-08-12,20250812,2025,Q3,8,August,2025-08,2025-08-11,False
2025-08-13,20250813,2025,Q3,8,August,2025-08,2025-08-11,False
2025-08-14,20250814,2025,Q3,8,August,2025-08,2025-08-11,False
2025-08-15,20250815,2025,Q3,8,August,2025-08,2025-08-11,False
2025-08-16,20250816,2025,Q3,8,August,2025-08,2025-08-11,False
2025-08-17,20250817,2025,Q3,8,August,2025-08,2025-08-11,False
2025-08-18,20250818,2025,Q3,8,August,2025-08,2025-08-18,False
2025-08-19,20250819,2025,Q3,8,August,2025-08,2025-08-18,False
2025-08-20,20250820,2025,Q3,8,August,2025-08,2025-08-18,False
2025-08-21,20250821,2025,Q3,8,August,2025-08,2025-08-18,False
2025-08-22,20250822,2025,Q3,8,August,2025-08,2025-08-18,False
2025-08-23,20250823,2025,Q3,8,August,2025-08,2025-08-18,False
2025-08-24,20250824,2025,Q3,8,August,2025-08,2025-08-18,False
2025-08-25,20250825,2025,Q3,8,August,2025-08,2025-08-25,False
2025-08-26,20250826,2025,Q3,8,August,2025-08,2025-08-25,False
2025-08-27,20250827,2025,Q3,8,August,2025-08,2025-08-25,False
2025-08-28,20250828,2025,Q3,8,August,2025-08,2025-08-25,False
2025-08-29,20250829,2025,Q3,8,August,2025-08,2025-08-25,False
2025-08-30,20250830,2025,Q3,8,August,2025-08,2025-08-25,False
2025-08-31,20250831,2025,Q3,8,August,2025-08,2025-08-25,False
2025-09-01,20250901,2025,Q3,9,September,2025-09,2025-09-01,False
2025-09-02,20250902,2025,Q3,9,September,2025-09,2025-09-01,False
2025-09-03,20250903,2025,Q3,9,September,2025-09,2025-09-01,False
2025-09-04,20250904,2025,Q3,9,September,2025-09,2025-09-01,False
2025-09-05,20250905,2025,Q3,9,September,2025-09,2025-09-01,False
2025-09-06,20250906,2025,Q3,9,September,2025-09,2025-09-01,False
2025-09-07,20250907,2025,Q3,9,September,2025-09,2025-09-01,False
2025-09-08,20250908,2025,Q3,9,September,2025-09,2025-09-08,False
2025-09-09,20250909,2025,Q3,9,September,2025-09,2025-09-08,False
2025-09-10,20250910,2025,Q3,9,September,2025-09,2025-09-08,False
2025-09-11,20250911,2025,Q3,9,September,2025-09,2025-09-08,False
2025-09-12,20250912,2025,Q3,9,September,2025-09,2025-09-08,False
2025-09-13,20250913,2025,Q3,9,September,2025-09,2025-09-08,False
2025-09-14,20250914,2025,Q3,9,September,2025-09,2025-09-08,False
2025-09-15,20250915,2025,Q3,9,September,2025-09,2025-09-15,False
2025-09-16,20250916,2025,Q3,9,September,2025-09,2025-09-15,False
2025-09-17,20250917,2025,Q3,9,September,2025-09,2025-09-15,False
2025-09-18,20250918,2025,Q3,9,September,2025-09,2025-09-15,False
2025-09-19,20250919,2025,Q3,9,September,2025-09,2025-09-15,False
2025-09-20,20250920,2025,Q3,9,September,2025-09,2025-09-15,False
2025-09-21,20250921,2025,Q3,9,September,2025-09,2025-09-15,False
2025-09-22,20250922,2025,Q3,9,September,2025-09,2025-09-22,False
2025-09-23,20250923,2025,Q3,9,September,2025-09,2025-09-22,False
2025-09-24,20250924,2025,Q3,9,September,2025-09,2025-09-22,False
2025-09-25,20250925,2025,Q3,9,September,2025-09,2025-09-22,False
2025-09-26,20250926,2025,Q3,9,September,2025-09,2025-09-22,False
2025-09-27,20250927,2025,Q3,9,September,2025-09,2025-09-22,False
2025-09-28,20250928,2025,Q3,9,September,2025-09,2025-09-22,False
2025-09-29,20250929,2025,Q3,9,September,2025-09,2025-09-29,False
2025-09-30,20250930,2025,Q3,9,September,2025-09,2025-09-29,False
2025-10-01,20251001,2025,Q4,10,October,2025-10,2025-09-29,False
2025-10-02,20251002,2025,Q4,10,October,2025-10,2025-09-29,False
2025-10-03,20251003,2025,Q4,10,October,2025-10,2025-09-29,False
2025-10-04,20251004,2025,Q4,10,October,2025-10,2025-09-29,False
2025-10-05,20251005,2025,Q4,10,October,2025-10,2025-09-29,False
2025-10-06,20251006,2025,Q4,10,October,2025-10,2025-10-06,False
2025-10-07,20251007,2025,Q4,10,October,2025-10,2025-10-06,False
2025-10-08,20251008,2025,Q4,10,October,2025-10,2025-10-06,False
2025-10-09,20251009,2025,Q4,10,October,2025-10,2025-10-06,False
2025-10-10,20251010,2025,Q4,10,October,2025-10,2025-10-06,False
2025-10-11,20251011,2025,Q4,10,October,2025-10,2025-10-06,False
2025-10-12,20251012,2025,Q4,10,October,2025-10,2025-10-06,False
2025-10-13,20251013,2025,Q4,10,October,2025-10,2025-10-13,False
2025-10-14,20251014,2025,Q4,10,October,2025-10,2025-10-13,False
2025-10-15,20251015,2025,Q4,10,October,2025-10,2025-10-13,False
2025-10-16,20251016,2025,Q4,10,October,2025-10,2025-10-13,False
2025-10-17,20251017,2025,Q4,10,October,2025-10,2025-10-13,False
2025-10-18,20251018,2025,Q4,10,October,2025-10,2025-10-13,False
2025-10-19,20251019,2025,Q4,10,October,2025-10,2025-10-13,False
2025-10-20,20251020,2025,Q4,10,October,2025-10,2025-10-20,False
2025-10-21,20251021,2025,Q4,10,October,2025-10,2025-10-20,False
2025-10-22,20251022,2025,Q4,10,October,2025-10,2025-10-20,False
2025-10-23,20251023,2025,Q4,10,October,2025-10,2025-10-20,False
2025-10-24,20251024,2025,Q4,10,October,2025-10,2025-10-20,False
2025-10-25,20251025,2025,Q4,10,October,2025-10,2025-10-20,False
2025-10-26,20251026,2025,Q4,10,October,2025-10,2025-10-20,False
2025-10-27,20251027,2025,Q4,10,October,2025-10,2025-10-27,False
2025-10-28,20251028,2025,Q4,10,October,2025-10,2025-10-27,False
2025-10-29,20251029,2025,Q4,10,October,2025-10,2025-10-27,False
2025-10-30,20251030,2025,Q4,10,October,2025-10,2025-10-27,False
2025-10-31,20251031,2025,Q4,10,October,2025-10,2025-10-27,False
2025-11-01,20251101,2025,Q4,11,November,2025-11,2025-10-27,False
2025-11-02,20251102,2025,Q4,11,November,2025-11,2025-10-27,False
2025-11-03,20251103,2025,Q4,11,November,2025-11,2025-11-03,False
2025-11-04,20251104,2025,Q4,11,November,2025-11,2025-11-03,False
2025-11-05,20251105,2025,Q4,11,November,2025-11,2025-11-03,False
2025-11-06,20251106,2025,Q4,11,November,2025-11,2025-11-03,False
2025-11-07,20251107,2025,Q4,11,November,2025-11,2025-11-03,False
2025-11-08,20251108,2025,Q4,11,November,2025-11,2025-11-03,False
2025-11-09,20251109,2025,Q4,11,November,2025-11,2025-11-03,False
2025-11-10,20251110,2025,Q4,11,November,2025-11,2025-11-10,False
2025-11-11,20251111,2025,Q4,11,November,2025-11,2025-11-10,False
2025-11-12,20251112,2025,Q4,11,November,2025-11,2025-11-10,False
2025-11-13,20251113,2025,Q4,11,November,2025-11,2025-11-10,False
2025-11-14,20251114,2025,Q4,11,November,2025-11,2025-11-10,False
2025-11-15,20251115,2025,Q4,11,November,2025-11,2025-11-10,False
2025-11-16,20251116,2025,Q4,11,November,2025-11,2025-11-10,False
2025-11-17,20251117,2025,Q4,11,November,2025-11,2025-11-17,False
2025-11-18,20251118,2025,Q4,11,November,2025-11,2025-11-17,False
2025-11-19,20251119,2025,Q4,11,November,2025-11,2025-11-17,False
2025-11-20,20251120,2025,Q4,11,November,2025-11,2025-11-17,False
2025-11-21,20251121,2025,Q4,11,November,2025-11,2025-11-17,False
2025-11-22,20251122,2025,Q4,11,November,2025-11,2025-11-17,False
2025-11-23,20251123,2025,Q4,11,November,2025-11,2025-11-17,False
2025-11-24,20251124,2025,Q4,11,November,2025-11,2025-11-24,False
2025-11-25,20251125,2025,Q4,11,November,2025-11,2025-11-24,False
2025-11-26,20251126,2025,Q4,11,November,2025-11,2025-11-24,False
2025-11-27,20251127,2025,Q4,11,November,2025-11,2025-11-24,False
2025-11-28,20251128,2025,Q4,11,November,2025-11,2025-11-24,False
2025-11-29,20251129,2025,Q4,11,November,2025-11,2025-11-24,False
2025-11-30,20251130,2025,Q4,11,November,2025-11,2025-11-24,False
2025-12-01,20251201,2025,Q4,12,December,2025-12,2025-12-01,False
2025-12-02,20251202,2025,Q4,12,December,2025-12,2025-12-01,False
2025-12-03,20251203,2025,Q4,12,December,2025-12,2025-12-01,False
2025-12-04,20251204,2025,Q4,12,December,2025-12,2025-12-01,False
2025-12-05,20251205,2025,Q4,12,December,2025-12,2025-12-01,False
2025-12-06,20251206,2025,Q4,12,December,2025-12,2025-12-01,False
2025-12-07,20251207,2025,Q4,12,December,2025-12,2025-12-01,False
2025-12-08,20251208,2025,Q4,12,December,2025-12,2025-12-08,False
2025-12-09,20251209,2025,Q4,12,December,2025-12,2025-12-08,False
2025-12-10,20251210,2025,Q4,12,December,2025-12,2025-12-08,False
2025-12-11,20251211,2025,Q4,12,December,2025-12,2025-12-08,False
2025-12-12,20251212,2025,Q4,12,December,2025-12,2025-12-08,False
2025-12-13,20251213,2025,Q4,12,December,2025-12,2025-12-08,False
2025-12-14,20251214,2025,Q4,12,December,2025-12,2025-12-08,False
2025-12-15,20251215,2025,Q4,12,December,2025-12,2025-12-15,False
2025-12-16,20251216,2025,Q4,12,December,2025-12,2025-12-15,False
2025-12-17,20251217,2025,Q4,12,December,2025-12,2025-12-15,False
2025-12-18,20251218,2025,Q4,12,December,2025-12,2025-12-15,False
2025-12-19,20251219,2025,Q4,12,December,2025-12,2025-12-15,False
2025-12-20,20251220,2025,Q4,12,December,2025-12,2025-12-15,False
2025-12-21,20251221,2025,Q4,12,December,2025-12,2025-12-15,False
2025-12-22,20251222,2025,Q4,12,December,2025-12,2025-12-22,False
2025-12-23,20251223,2025,Q4,12,December,2025-12,2025-12-22,False
2025-12-24,20251224,2025,Q4,12,December,2025-12,2025-12-22,False
2025-12-25,20251225,2025,Q4,12,December,2025-12,2025-12-22,False
2025-12-26,20251226,2025,Q4,12,December,2025-12,2025-12-22,False
2025-12-27,20251227,2025,Q4,12,December,2025-12,2025-12-22,False
2025-12-28,20251228,2025,Q4,12,December,2025-12,2025-12-22,False
2025-12-29,20251229,2025,Q4,12,December,2025-12,2025-12-29,False
2025-12-30,20251230,2025,Q4,12,December,2025-12,2025-12-29,False
2025-12-31,20251231,2025,Q4,12,December,2025-12,2025-12-29,False
2026-01-01,20260101,2026,Q1,1,January,2026-01,2025-12-29,False
2026-01-02,20260102,2026,Q1,1,January,2026-01,2025-12-29,False
2026-01-03,20260103,2026,Q1,1,January,2026-01,2025-12-29,False
2026-01-04,20260104,2026,Q1,1,January,2026-01,2025-12-29,False
2026-01-05,20260105,2026,Q1,1,January,2026-01,2026-01-05,False
2026-01-06,20260106,2026,Q1,1,January,2026-01,2026-01-05,False
2026-01-07,20260107,2026,Q1,1,January,2026-01,2026-01-05,False
2026-01-08,20260108,2026,Q1,1,January,2026-01,2026-01-05,False
2026-01-09,20260109,2026,Q1,1,January,2026-01,2026-01-05,False
2026-01-10,20260110,2026,Q1,1,January,2026-01,2026-01-05,False
2026-01-11,20260111,2026,Q1,1,January,2026-01,2026-01-05,False
2026-01-12,20260112,2026,Q1,1,January,2026-01,2026-01-12,False
2026-01-13,20260113,2026,Q1,1,January,2026-01,2026-01-12,False
2026-01-14,20260114,2026,Q1,1,January,2026-01,2026-01-12,False
2026-01-15,20260115,2026,Q1,1,January,2026-01,2026-01-12,False
2026-01-16,20260116,2026,Q1,1,January,2026-01,2026-01-12,False
2026-01-17,20260117,2026,Q1,1,January,2026-01,2026-01-12,False
2026-01-18,20260118,2026,Q1,1,January,2026-01,2026-01-12,False
2026-01-19,20260119,2026,Q1,1,January,2026-01,2026-01-19,False
2026-01-20,20260120,2026,Q1,1,January,2026-01,2026-01-19,False
2026-01-21,20260121,2026,Q1,1,January,2026-01,2026-01-19,False
2026-01-22,20260122,2026,Q1,1,January,2026-01,2026-01-19,False
2026-01-23,20260123,2026,Q1,1,January,2026-01,2026-01-19,False
2026-01-24,20260124,2026,Q1,1,January,2026-01,2026-01-19,False
2026-01-25,20260125,2026,Q1,1,January,2026-01,2026-01-19,False
2026-01-26,20260126,2026,Q1,1,January,2026-01,2026-01-26,False
2026-01-27,20260127,2026,Q1,1,January,2026-01,2026-01-26,False
2026-01-28,20260128,2026,Q1,1,January,2026-01,2026-01-26,False
2026-01-29,20260129,2026,Q1,1,January,2026-01,2026-01-26,False
2026-01-30,20260130,2026,Q1,1,January,2026-01,2026-01-26,False
2026-01-31,20260131,2026,Q1,1,January,2026-01,2026-01-26,False
2026-02-01,20260201,2026,Q1,2,February,2026-02,2026-01-26,False
2026-02-02,20260202,2026,Q1,2,February,2026-02,2026-02-02,False
2026-02-03,20260203,2026,Q1,2,February,2026-02,2026-02-02,False
2026-02-04,20260204,2026,Q1,2,February,2026-02,2026-02-02,False
2026-02-05,20260205,2026,Q1,2,February,2026-02,2026-02-02,False
2026-02-06,20260206,2026,Q1,2,February,2026-02,2026-02-02,False
2026-02-07,20260207,2026,Q1,2,February,2026-02,2026-02-02,False
2026-02-08,20260208,2026,Q1,2,February,2026-02,2026-02-02,False
2026-02-09,20260209,2026,Q1,2,February,2026-02,2026-02-09,False
2026-02-10,20260210,2026,Q1,2,February,2026-02,2026-02-09,False
2026-02-11,20260211,2026,Q1,2,February,2026-02,2026-02-09,False
2026-02-12,20260212,2026,Q1,2,February,2026-02,2026-02-09,False
2026-02-13,20260213,2026,Q1,2,February,2026-02,2026-02-09,False
2026-02-14,20260214,2026,Q1,2,February,2026-02,2026-02-09,False
2026-02-15,20260215,2026,Q1,2,February,2026-02,2026-02-09,False
2026-02-16,20260216,2026,Q1,2,February,2026-02,2026-02-16,False
2026-02-17,20260217,2026,Q1,2,February,2026-02,2026-02-16,False
2026-02-18,20260218,2026,Q1,2,February,2026-02,2026-02-16,False
2026-02-19,20260219,2026,Q1,2,February,2026-02,2026-02-16,False
2026-02-20,20260220,2026,Q1,2,February,2026-02,2026-02-16,False
2026-02-21,20260221,2026,Q1,2,February,2026-02,2026-02-16,False
2026-02-22,20260222,2026,Q1,2,February,2026-02,2026-02-16,False
2026-02-23,20260223,2026,Q1,2,February,2026-02,2026-02-23,False
2026-02-24,20260224,2026,Q1,2,February,2026-02,2026-02-23,False
2026-02-25,20260225,2026,Q1,2,February,2026-02,2026-02-23,False
2026-02-26,20260226,2026,Q1,2,February,2026-02,2026-02-23,False
2026-02-27,20260227,2026,Q1,2,February,2026-02,2026-02-23,False
2026-02-28,20260228,2026,Q1,2,February,2026-02,2026-02-23,False
2026-03-01,20260301,2026,Q1,3,March,2026-03,2026-02-23,False
2026-03-02,20260302,2026,Q1,3,March,2026-03,2026-03-02,False
2026-03-03,20260303,2026,Q1,3,March,2026-03,2026-03-02,False
2026-03-04,20260304,2026,Q1,3,March,2026-03,2026-03-02,False
2026-03-05,20260305,2026,Q1,3,March,2026-03,2026-03-02,False
2026-03-06,20260306,2026,Q1,3,March,2026-03,2026-03-02,False
2026-03-07,20260307,2026,Q1,3,March,2026-03,2026-03-02,False
2026-03-08,20260308,2026,Q1,3,March,2026-03,2026-03-02,False
2026-03-09,20260309,2026,Q1,3,March,2026-03,2026-03-09,False
2026-03-10,20260310,2026,Q1,3,March,2026-03,2026-03-09,False
2026-03-11,20260311,2026,Q1,3,March,2026-03,2026-03-09,False
2026-03-12,20260312,2026,Q1,3,March,2026-03,2026-03-09,False
2026-03-13,20260313,2026,Q1,3,March,2026-03,2026-03-09,False
2026-03-14,20260314,2026,Q1,3,March,2026-03,2026-03-09,False
2026-03-15,20260315,2026,Q1,3,March,2026-03,2026-03-09,False
2026-03-16,20260316,2026,Q1,3,March,2026-03,2026-03-16,False
2026-03-17,20260317,2026,Q1,3,March,2026-03,2026-03-16,False
2026-03-18,20260318,2026,Q1,3,March,2026-03,2026-03-16,False
2026-03-19,20260319,2026,Q1,3,March,2026-03,2026-03-16,False
2026-03-20,20260320,2026,Q1,3,March,2026-03,2026-03-16,False
2026-03-21,20260321,2026,Q1,3,March,2026-03,2026-03-16,False
2026-03-22,20260322,2026,Q1,3,March,2026-03,2026-03-16,False
2026-03-23,20260323,2026,Q1,3,March,2026-03,2026-03-23,False
2026-03-24,20260324,2026,Q1,3,March,2026-03,2026-03-23,False
2026-03-25,20260325,2026,Q1,3,March,2026-03,2026-03-23,False
2026-03-26,20260326,2026,Q1,3,March,2026-03,2026-03-23,False
2026-03-27,20260327,2026,Q1,3,March,2026-03,2026-03-23,False
2026-03-28,20260328,2026,Q1,3,March,2026-03,2026-03-23,False
2026-03-29,20260329,2026,Q1,3,March,2026-03,2026-03-23,False
2026-03-30,20260330,2026,Q1,3,March,2026-03,2026-03-30,False
2026-03-31,20260331,2026,Q1,3,March,2026-03,2026-03-30,False
2026-04-01,20260401,2026,Q2,4,April,2026-04,2026-03-30,False
2026-04-02,20260402,2026,Q2,4,April,2026-04,2026-03-30,False
2026-04-03,20260403,2026,Q2,4,April,2026-04,2026-03-30,False
2026-04-04,20260404,2026,Q2,4,April,2026-04,2026-03-30,False
2026-04-05,20260405,2026,Q2,4,April,2026-04,2026-03-30,False
2026-04-06,20260406,2026,Q2,4,April,2026-04,2026-04-06,False
2026-04-07,20260407,2026,Q2,4,April,2026-04,2026-04-06,False
2026-04-08,20260408,2026,Q2,4,April,2026-04,2026-04-06,False
2026-04-09,20260409,2026,Q2,4,April,2026-04,2026-04-06,False
2026-04-10,20260410,2026,Q2,4,April,2026-04,2026-04-06,False
2026-04-11,20260411,2026,Q2,4,April,2026-04,2026-04-06,False
2026-04-12,20260412,2026,Q2,4,April,2026-04,2026-04-06,False
2026-04-13,20260413,2026,Q2,4,April,2026-04,2026-04-13,False
2026-04-14,20260414,2026,Q2,4,April,2026-04,2026-04-13,False
2026-04-15,20260415,2026,Q2,4,April,2026-04,2026-04-13,False
2026-04-16,20260416,2026,Q2,4,April,2026-04,2026-04-13,False
2026-04-17,20260417,2026,Q2,4,April,2026-04,2026-04-13,False
2026-04-18,20260418,2026,Q2,4,April,2026-04,2026-04-13,False
2026-04-19,20260419,2026,Q2,4,April,2026-04,2026-04-13,False
2026-04-20,20260420,2026,Q2,4,April,2026-04,2026-04-20,False
2026-04-21,20260421,2026,Q2,4,April,2026-04,2026-04-20,False
2026-04-22,20260422,2026,Q2,4,April,2026-04,2026-04-20,False
2026-04-23,20260423,2026,Q2,4,April,2026-04,2026-04-20,False
2026-04-24,20260424,2026,Q2,4,April,2026-04,2026-04-20,False
2026-04-25,20260425,2026,Q2,4,April,2026-04,2026-04-20,False
2026-04-26,20260426,2026,Q2,4,April,2026-04,2026-04-20,False
2026-04-27,20260427,2026,Q2,4,April,2026-04,2026-04-27,False
2026-04-28,20260428,2026,Q2,4,April,2026-04,2026-04-27,False
2026-04-29,20260429,2026,Q2,4,April,2026-04,2026-04-27,False
2026-04-30,20260430,2026,Q2,4,April,2026-04,2026-04-27,False
2026-05-01,20260501,2026,Q2,5,May,2026-05,2026-04-27,False
2026-05-02,20260502,2026,Q2,5,May,2026-05,2026-04-27,False
2026-05-03,20260503,2026,Q2,5,May,2026-05,2026-04-27,False
2026-05-04,20260504,2026,Q2,5,May,2026-05,2026-05-04,False
2026-05-05,20260505,2026,Q2,5,May,2026-05,2026-05-04,False
2026-05-06,20260506,2026,Q2,5,May,2026-05,2026-05-04,False
2026-05-07,20260507,2026,Q2,5,May,2026-05,2026-05-04,False
2026-05-08,20260508,2026,Q2,5,May,2026-05,2026-05-04,False
2026-05-09,20260509,2026,Q2,5,May,2026-05,2026-05-04,False
2026-05-10,20260510,2026,Q2,5,May,2026-05,2026-05-04,False
2026-05-11,20260511,2026,Q2,5,May,2026-05,2026-05-11,False
2026-05-12,20260512,2026,Q2,5,May,2026-05,2026-05-11,False
2026-05-13,20260513,2026,Q2,5,May,2026-05,2026-05-11,False
2026-05-14,20260514,2026,Q2,5,May,2026-05,2026-05-11,False
2026-05-15,20260515,2026,Q2,5,May,2026-05,2026-05-11,False
2026-05-16,20260516,2026,Q2,5,May,2026-05,2026-05-11,False
2026-05-17,20260517,2026,Q2,5,May,2026-05,2026-05-11,False
2026-05-18,20260518,2026,Q2,5,May,2026-05,2026-05-18,False
2026-05-19,20260519,2026,Q2,5,May,2026-05,2026-05-18,False
2026-05-20,20260520,2026,Q2,5,May,2026-05,2026-05-18,False
2026-05-21,20260521,2026,Q2,5,May,2026-05,2026-05-18,False
2026-05-22,20260522,2026,Q2,5,May,2026-05,2026-05-18,False
2026-05-23,20260523,2026,Q2,5,May,2026-05,2026-05-18,False
2026-05-24,20260524,2026,Q2,5,May,2026-05,2026-05-18,False
2026-05-25,20260525,2026,Q2,5,May,2026-05,2026-05-25,False
2026-05-26,20260526,2026,Q2,5,May,2026-05,2026-05-25,False
2026-05-27,20260527,2026,Q2,5,May,2026-05,2026-05-25,False
2026-05-28,20260528,2026,Q2,5,May,2026-05,2026-05-25,False
2026-05-29,20260529,2026,Q2,5,May,2026-05,2026-05-25,False
2026-05-30,20260530,2026,Q2,5,May,2026-05,2026-05-25,False
2026-05-31,20260531,2026,Q2,5,May,2026-05,2026-05-25,False
2026-06-01,20260601,2026,Q2,6,June,2026-06,2026-06-01,False
2026-06-02,20260602,2026,Q2,6,June,2026-06,2026-06-01,False
2026-06-03,20260603,2026,Q2,6,June,2026-06,2026-06-01,False
2026-06-04,20260604,2026,Q2,6,June,2026-06,2026-06-01,False
2026-06-05,20260605,2026,Q2,6,June,2026-06,2026-06-01,False
2026-06-06,20260606,2026,Q2,6,June,2026-06,2026-06-01,False
2026-06-07,20260607,2026,Q2,6,June,2026-06,2026-06-01,False
2026-06-08,20260608,2026,Q2,6,June,2026-06,2026-06-08,False
2026-06-09,20260609,2026,Q2,6,June,2026-06,2026-06-08,False
2026-06-10,20260610,2026,Q2,6,June,2026-06,2026-06-08,False
2026-06-11,20260611,2026,Q2,6,June,2026-06,2026-06-08,False
2026-06-12,20260612,2026,Q2,6,June,2026-06,2026-06-08,False
2026-06-13,20260613,2026,Q2,6,June,2026-06,2026-06-08,False
2026-06-14,20260614,2026,Q2,6,June,2026-06,2026-06-08,False
2026-06-15,20260615,2026,Q2,6,June,2026-06,2026-06-15,False
2026-06-16,20260616,2026,Q2,6,June,2026-06,2026-06-15,False
2026-06-17,20260617,2026,Q2,6,June,2026-06,2026-06-15,False
2026-06-18,20260618,2026,Q2,6,June,2026-06,2026-06-15,False
2026-06-19,20260619,2026,Q2,6,June,2026-06,2026-06-15,False
2026-06-20,20260620,2026,Q2,6,June,2026-06,2026-06-15,False
2026-06-21,20260621,2026,Q2,6,June,2026-06,2026-06-15,False
2026-06-22,20260622,2026,Q2,6,June,2026-06,2026-06-22,False
2026-06-23,20260623,2026,Q2,6,June,2026-06,2026-06-22,False
2026-06-24,20260624,2026,Q2,6,June,2026-06,2026-06-22,False
2026-06-25,20260625,2026,Q2,6,June,2026-06,2026-06-22,False
2026-06-26,20260626,2026,Q2,6,June,2026-06,2026-06-22,False
2026-06-27,20260627,2026,Q2,6,June,2026-06,2026-06-22,False
2026-06-28,20260628,2026,Q2,6,June,2026-06,2026-06-22,False
2026-06-29,20260629,2026,Q2,6,June,2026-06,2026-06-29,False
2026-06-30,20260630,2026,Q2,6,June,2026-06,2026-06-29,False
2026-07-01,20260701,2026,Q3,7,July,2026-07,2026-06-29,False
2026-07-02,20260702,2026,Q3,7,July,2026-07,2026-06-29,False
2026-07-03,20260703,2026,Q3,7,July,2026-07,2026-06-29,False
2026-07-04,20260704,2026,Q3,7,July,2026-07,2026-06-29,False
2026-07-05,20260705,2026,Q3,7,July,2026-07,2026-06-29,False
2026-07-06,20260706,2026,Q3,7,July,2026-07,2026-07-06,False
2026-07-07,20260707,2026,Q3,7,July,2026-07,2026-07-06,False
2026-07-08,20260708,2026,Q3,7,July,2026-07,2026-07-06,False
2026-07-09,20260709,2026,Q3,7,July,2026-07,2026-07-06,False
2026-07-10,20260710,2026,Q3,7,July,2026-07,2026-07-06,False
2026-07-11,20260711,2026,Q3,7,July,2026-07,2026-07-06,False
2026-07-12,20260712,2026,Q3,7,July,2026-07,2026-07-06,False
2026-07-13,20260713,2026,Q3,7,July,2026-07,2026-07-13,False
2026-07-14,20260714,2026,Q3,7,July,2026-07,2026-07-13,False
2026-07-15,20260715,2026,Q3,7,July,2026-07,2026-07-13,False
2026-07-16,20260716,2026,Q3,7,July,2026-07,2026-07-13,False
2026-07-17,20260717,2026,Q3,7,July,2026-07,2026-07-13,False
2026-07-18,20260718,2026,Q3,7,July,2026-07,2026-07-13,False
2026-07-19,20260719,2026,Q3,7,July,2026-07,2026-07-13,False
2026-07-20,20260720,2026,Q3,7,July,2026-07,2026-07-20,False
2026-07-21,20260721,2026,Q3,7,July,2026-07,2026-07-20,False
2026-07-22,20260722,2026,Q3,7,July,2026-07,2026-07-20,False
2026-07-23,20260723,2026,Q3,7,July,2026-07,2026-07-20,False
2026-07-24,20260724,2026,Q3,7,July,2026-07,2026-07-20,False
2026-07-25,20260725,2026,Q3,7,July,2026-07,2026-07-20,False
2026-07-26,20260726,2026,Q3,7,July,2026-07,2026-07-20,False
2026-07-27,20260727,2026,Q3,7,July,2026-07,2026-07-27,False
2026-07-28,20260728,2026,Q3,7,July,2026-07,2026-07-27,False
2026-07-29,20260729,2026,Q3,7,July,2026-07,2026-07-27,False
2026-07-30,20260730,2026,Q3,7,July,2026-07,2026-07-27,False
2026-07-31,20260731,2026,Q3,7,July,2026-07,2026-07-27,False
2026-08-01,20260801,2026,Q3,8,August,2026-08,2026-07-27,False
2026-08-02,20260802,2026,Q3,8,August,2026-08,2026-07-27,False
2026-08-03,20260803,2026,Q3,8,August,2026-08,2026-08-03,False
2026-08-04,20260804,2026,Q3,8,August,2026-08,2026-08-03,False
2026-08-05,20260805,2026,Q3,8,August,2026-08,2026-08-03,False
2026-08-06,20260806,2026,Q3,8,August,2026-08,2026-08-03,False
2026-08-07,20260807,2026,Q3,8,August,2026-08,2026-08-03,False
2026-08-08,20260808,2026,Q3,8,August,2026-08,2026-08-03,False
2026-08-09,20260809,2026,Q3,8,August,2026-08,2026-08-03,False
2026-08-10,20260810,2026,Q3,8,August,2026-08,2026-08-10,False
2026-08-11,20260811,2026,Q3,8,August,2026-08,2026-08-10,False
2026-08-12,20260812,2026,Q3,8,August,2026-08,2026-08-10,False
2026-08-13,20260813,2026,Q3,8,August,2026-08,2026-08-10,False
2026-08-14,20260814,2026,Q3,8,August,2026-08,2026-08-10,False
2026-08-15,20260815,2026,Q3,8,August,2026-08,2026-08-10,False
2026-08-16,20260816,2026,Q3,8,August,2026-08,2026-08-10,False
2026-08-17,20260817,2026,Q3,8,August,2026-08,2026-08-17,False
2026-08-18,20260818,2026,Q3,8,August,2026-08,2026-08-17,False
2026-08-19,20260819,2026,Q3,8,August,2026-08,2026-08-17,False
2026-08-20,20260820,2026,Q3,8,August,2026-08,2026-08-17,False
2026-08-21,20260821,2026,Q3,8,August,2026-08,2026-08-17,False
2026-08-22,20260822,2026,Q3,8,August,2026-08,2026-08-17,False
2026-08-23,20260823,2026,Q3,8,August,2026-08,2026-08-17,False
2026-08-24,20260824,2026,Q3,8,August,2026-08,2026-08-24,False
2026-08-25,20260825,2026,Q3,8,August,2026-08,2026-08-24,False
2026-08-26,20260826,2026,Q3,8,August,2026-08,2026-08-24,False
2026-08-27,20260827,2026,Q3,8,August,2026-08,2026-08-24,False
2026-08-28,20260828,2026,Q3,8,August,2026-08,2026-08-24,False
2026-08-29,20260829,2026,Q3,8,August,2026-08,2026-08-24,False
2026-08-30,20260830,2026,Q3,8,August,2026-08,2026-08-24,False
2026-08-31,20260831,2026,Q3,8,August,2026-08,2026-08-31,False
2026-09-01,20260901,2026,Q3,9,September,2026-09,2026-08-31,False
2026-09-02,20260902,2026,Q3,9,September,2026-09,2026-08-31,False
2026-09-03,20260903,2026,Q3,9,September,2026-09,2026-08-31,False
2026-09-04,20260904,2026,Q3,9,September,2026-09,2026-08-31,False
2026-09-05,20260905,2026,Q3,9,September,2026-09,2026-08-31,False
2026-09-06,20260906,2026,Q3,9,September,2026-09,2026-08-31,False
2026-09-07,20260907,2026,Q3,9,September,2026-09,2026-09-07,False
2026-09-08,20260908,2026,Q3,9,September,2026-09,2026-09-07,False
2026-09-09,20260909,2026,Q3,9,September,2026-09,2026-09-07,False
2026-09-10,20260910,2026,Q3,9,September,2026-09,2026-09-07,False
2026-09-11,20260911,2026,Q3,9,September,2026-09,2026-09-07,False
2026-09-12,20260912,2026,Q3,9,September,2026-09,2026-09-07,False
2026-09-13,20260913,2026,Q3,9,September,2026-09,2026-09-07,True
2026-09-14,20260914,2026,Q3,9,September,2026-09,2026-09-14,True
2026-09-15,20260915,2026,Q3,9,September,2026-09,2026-09-14,True
2026-09-16,20260916,2026,Q3,9,September,2026-09,2026-09-14,True
2026-09-17,20260917,2026,Q3,9,September,2026-09,2026-09-14,True
2026-09-18,20260918,2026,Q3,9,September,2026-09,2026-09-14,True
2026-09-19,20260919,2026,Q3,9,September,2026-09,2026-09-14,True
2026-09-20,20260920,2026,Q3,9,September,2026-09,2026-09-14,True
2026-09-21,20260921,2026,Q3,9,September,2026-09,2026-09-21,True
2026-09-22,20260922,2026,Q3,9,September,2026-09,2026-09-21,True
2026-09-23,20260923,2026,Q3,9,September,2026-09,2026-09-21,True
2026-09-24,20260924,2026,Q3,9,September,2026-09,2026-09-21,True
2026-09-25,20260925,2026,Q3,9,September,2026-09,2026-09-21,True
2026-09-26,20260926,2026,Q3,9,September,2026-09,2026-09-21,True
2026-09-27,20260927,2026,Q3,9,September,2026-09,2026-09-21,True
2026-09-28,20260928,2026,Q3,9,September,2026-09,2026-09-28,True
2026-09-29,20260929,2026,Q3,9,September,2026-09,2026-09-28,True
2026-09-30,20260930,2026,Q3,9,September,2026-09,2026-09-28,True
2026-10-01,20261001,2026,Q4,10,October,2026-10,2026-09-28,True
2026-10-02,20261002,2026,Q4,10,October,2026-10,2026-09-28,True
2026-10-03,20261003,2026,Q4,10,October,2026-10,2026-09-28,True
2026-10-04,20261004,2026,Q4,10,October,2026-10,2026-09-28,True
2026-10-05,20261005,2026,Q4,10,October,2026-10,2026-10-05,True
2026-10-06,20261006,2026,Q4,10,October,2026-10,2026-10-05,True
2026-10-07,20261007,2026,Q4,10,October,2026-10,2026-10-05,True
2026-10-08,20261008,2026,Q4,10,October,2026-10,2026-10-05,True
2026-10-09,20261009,2026,Q4,10,October,2026-10,2026-10-05,True
2026-10-10,20261010,2026,Q4,10,October,2026-10,2026-10-05,True
2026-10-11,20261011,2026,Q4,10,October,2026-10,2026-10-05,True
2026-10-12,20261012,2026,Q4,10,October,2026-10,2026-10-12,True
2026-10-13,20261013,2026,Q4,10,October,2026-10,2026-10-12,True
2026-10-14,20261014,2026,Q4,10,October,2026-10,2026-10-12,True
2026-10-15,20261015,2026,Q4,10,October,2026-10,2026-10-12,True
2026-10-16,20261016,2026,Q4,10,October,2026-10,2026-10-12,True
2026-10-17,20261017,2026,Q4,10,October,2026-10,2026-10-12,True
2026-10-18,20261018,2026,Q4,10,October,2026-10,2026-10-12,True
2026-10-19,20261019,2026,Q4,10,October,2026-10,2026-10-19,True
2026-10-20,20261020,2026,Q4,10,October,2026-10,2026-10-19,True
2026-10-21,20261021,2026,Q4,10,October,2026-10,2026-10-19,True
2026-10-22,20261022,2026,Q4,10,October,2026-10,2026-10-19,True
2026-10-23,20261023,2026,Q4,10,October,2026-10,2026-10-19,True
2026-10-24,20261024,2026,Q4,10,October,2026-10,2026-10-19,True
2026-10-25,20261025,2026,Q4,10,October,2026-10,2026-10-19,True
2026-10-26,20261026,2026,Q4,10,October,2026-10,2026-10-26,True
2026-10-27,20261027,2026,Q4,10,October,2026-10,2026-10-26,True
2026-10-28,20261028,2026,Q4,10,October,2026-10,2026-10-26,True
2026-10-29,20261029,2026,Q4,10,October,2026-10,2026-10-26,True
2026-10-30,20261030,2026,Q4,10,October,2026-10,2026-10-26,True
2026-10-31,20261031,2026,Q4,10,October,2026-10,2026-10-26,True
2026-11-01,20261101,2026,Q4,11,November,2026-11,2026-10-26,True
2026-11-02,20261102,2026,Q4,11,November,2026-11,2026-11-02,True
2026-11-03,20261103,2026,Q4,11,November,2026-11,2026-11-02,True
2026-11-04,20261104,2026,Q4,11,November,2026-11,2026-11-02,True
2026-11-05,20261105,2026,Q4,11,November,2026-11,2026-11-02,True
2026-11-06,20261106,2026,Q4,11,November,2026-11,2026-11-02,True
2026-11-07,20261107,2026,Q4,11,November,2026-11,2026-11-02,True
2026-11-08,20261108,2026,Q4,11,November,2026-11,2026-11-02,True
2026-11-09,20261109,2026,Q4,11,November,2026-11,2026-11-09,True
2026-11-10,20261110,2026,Q4,11,November,2026-11,2026-11-09,True
2026-11-11,20261111,2026,Q4,11,November,2026-11,2026-11-09,True
2026-11-12,20261112,2026,Q4,11,November,2026-11,2026-11-09,True
2026-11-13,20261113,2026,Q4,11,November,2026-11,2026-11-09,True
2026-11-14,20261114,2026,Q4,11,November,2026-11,2026-11-09,True
2026-11-15,20261115,2026,Q4,11,November,2026-11,2026-11-09,True
2026-11-16,20261116,2026,Q4,11,November,2026-11,2026-11-16,True
2026-11-17,20261117,2026,Q4,11,November,2026-11,2026-11-16,True
2026-11-18,20261118,2026,Q4,11,November,2026-11,2026-11-16,True
2026-11-19,20261119,2026,Q4,11,November,2026-11,2026-11-16,True
2026-11-20,20261120,2026,Q4,11,November,2026-11,2026-11-16,True
2026-11-21,20261121,2026,Q4,11,November,2026-11,2026-11-16,True
2026-11-22,20261122,2026,Q4,11,November,2026-11,2026-11-16,True
2026-11-23,20261123,2026,Q4,11,November,2026-11,2026-11-23,True
2026-11-24,20261124,2026,Q4,11,November,2026-11,2026-11-23,True
2026-11-25,20261125,2026,Q4,11,November,2026-11,2026-11-23,True
2026-11-26,20261126,2026,Q4,11,November,2026-11,2026-11-23,True
2026-11-27,20261127,2026,Q4,11,November,2026-11,2026-11-23,True
2026-11-28,20261128,2026,Q4,11,November,2026-11,2026-11-23,True
2026-11-29,20261129,2026,Q4,11,November,2026-11,2026-11-23,True
2026-11-30,20261130,2026,Q4,11,November,2026-11,2026-11-30,True
2026-12-01,20261201,2026,Q4,12,December,2026-12,2026-11-30,True
2026-12-02,20261202,2026,Q4,12,December,2026-12,2026-11-30,True
2026-12-03,20261203,2026,Q4,12,December,2026-12,2026-11-30,True
2026-12-04,20261204,2026,Q4,12,December,2026-12,2026-11-30,True
2026-12-05,20261205,2026,Q4,12,December,2026-12,2026-11-30,True
2026-12-06,20261206,2026,Q4,12,December,2026-12,2026-11-30,True
2026-12-07,20261207,2026,Q4,12,December,2026-12,2026-12-07,True
2026-12-08,20261208,2026,Q4,12,December,2026-12,2026-12-07,True
2026-12-09,20261209,2026,Q4,12,December,2026-12,2026-12-07,True
2026-12-10,20261210,2026,Q4,12,December,2026-12,2026-12-07,True
2026-12-11,20261211,2026,Q4,12,December,2026-12,2026-12-07,True
2026-12-12,20261212,2026,Q4,12,December,2026-12,2026-12-07,True
2026-12-13,20261213,2026,Q4,12,December,2026-12,2026-12-07,True
2026-12-14,20261214,2026,Q4,12,December,2026-12,2026-12-14,True
2026-12-15,20261215,2026,Q4,12,December,2026-12,2026-12-14,True
2026-12-16,20261216,2026,Q4,12,December,2026-12,2026-12-14,True
2026-12-17,20261217,2026,Q4,12,December,2026-12,2026-12-14,True
2026-12-18,20261218,2026,Q4,12,December,2026-12,2026-12-14,True
2026-12-19,20261219,2026,Q4,12,December,2026-12,2026-12-14,True
2026-12-20,20261220,2026,Q4,12,December,2026-12,2026-12-14,True
2026-12-21,20261221,2026,Q4,12,December,2026-12,2026-12-21,True
2026-12-22,20261222,2026,Q4,12,December,2026-12,2026-12-21,True
2026-12-23,20261223,2026,Q4,12,December,2026-12,2026-12-21,True
2026-12-24,20261224,2026,Q4,12,December,2026-12,2026-12-21,True
2026-12-25,20261225,2026,Q4,12,December,2026-12,2026-12-21,True
2026-12-26,20261226,2026,Q4,12,December,2026-12,2026-12-21,True
2026-12-27,20261227,2026,Q4,12,December,2026-12,2026-12-21,True
2026-12-28,20261228,2026,Q4,12,December,2026-12,2026-12-28,True
2026-12-29,20261229,2026,Q4,12,December,2026-12,2026-12-28,True
2026-12-30,20261230,2026,Q4,12,December,2026-12,2026-12-28,True
2026-12-31,20261231,2026,Q4,12,December,2026-12,2026-12-28,True
2027-01-01,20270101,2027,Q1,1,January,2027-01,2026-12-28,True
2027-01-02,20270102,2027,Q1,1,January,2027-01,2026-12-28,True
2027-01-03,20270103,2027,Q1,1,January,2027-01,2026-12-28,True
2027-01-04,20270104,2027,Q1,1,January,2027-01,2027-01-04,True
2027-01-05,20270105,2027,Q1,1,January,2027-01,2027-01-04,True
2027-01-06,20270106,2027,Q1,1,January,2027-01,2027-01-04,True
2027-01-07,20270107,2027,Q1,1,January,2027-01,2027-01-04,True
2027-01-08,20270108,2027,Q1,1,January,2027-01,2027-01-04,True
2027-01-09,20270109,2027,Q1,1,January,2027-01,2027-01-04,True
2027-01-10,20270110,2027,Q1,1,January,2027-01,2027-01-04,True
2027-01-11,20270111,2027,Q1,1,January,2027-01,2027-01-11,True
2027-01-12,20270112,2027,Q1,1,January,2027-01,2027-01-11,True
2027-01-13,20270113,2027,Q1,1,January,2027-01,2027-01-11,True
2027-01-14,20270114,2027,Q1,1,January,2027-01,2027-01-11,True
2027-01-15,20270115,2027,Q1,1,January,2027-01,2027-01-11,True
2027-01-16,20270116,2027,Q1,1,January,2027-01,2027-01-11,True
2027-01-17,20270117,2027,Q1,1,January,2027-01,2027-01-11,True
2027-01-18,20270118,2027,Q1,1,January,2027-01,2027-01-18,True
2027-01-19,20270119,2027,Q1,1,January,2027-01,2027-01-18,True
2027-01-20,20270120,2027,Q1,1,January,2027-01,2027-01-18,True
2027-01-21,20270121,2027,Q1,1,January,2027-01,2027-01-18,True
2027-01-22,20270122,2027,Q1,1,January,2027-01,2027-01-18,True
2027-01-23,20270123,2027,Q1,1,January,2027-01,2027-01-18,True
2027-01-24,20270124,2027,Q1,1,January,2027-01,2027-01-18,True
2027-01-25,20270125,2027,Q1,1,January,2027-01,2027-01-25,True
2027-01-26,20270126,2027,Q1,1,January,2027-01,2027-01-25,True
2027-01-27,20270127,2027,Q1,1,January,2027-01,2027-01-25,True
2027-01-28,20270128,2027,Q1,1,January,2027-01,2027-01-25,True
2027-01-29,20270129,2027,Q1,1,January,2027-01,2027-01-25,True
2027-01-30,20270130,2027,Q1,1,January,2027-01,2027-01-25,True
2027-01-31,20270131,2027,Q1,1,January,2027-01,2027-01-25,True
2027-02-01,20270201,2027,Q1,2,February,2027-02,2027-02-01,True
2027-02-02,20270202,2027,Q1,2,February,2027-02,2027-02-01,True
2027-02-03,20270203,2027,Q1,2,February,2027-02,2027-02-01,True
2027-02-04,20270204,2027,Q1,2,February,2027-02,2027-02-01,True
2027-02-05,20270205,2027,Q1,2,February,2027-02,2027-02-01,True
2027-02-06,20270206,2027,Q1,2,February,2027-02,2027-02-01,True
2027-02-07,20270207,2027,Q1,2,February,2027-02,2027-02-01,True
2027-02-08,20270208,2027,Q1,2,February,2027-02,2027-02-08,True
2027-02-09,20270209,2027,Q1,2,February,2027-02,2027-02-08,True
2027-02-10,20270210,2027,Q1,2,February,2027-02,2027-02-08,True
2027-02-11,20270211,2027,Q1,2,February,2027-02,2027-02-08,True
2027-02-12,20270212,2027,Q1,2,February,2027-02,2027-02-08,True
2027-02-13,20270213,2027,Q1,2,February,2027-02,2027-02-08,True
2027-02-14,20270214,2027,Q1,2,February,2027-02,2027-02-08,True
2027-02-15,20270215,2027,Q1,2,February,2027-02,2027-02-15,True
2027-02-16,20270216,2027,Q1,2,February,2027-02,2027-02-15,True
2027-02-17,20270217,2027,Q1,2,February,2027-02,2027-02-15,True
2027-02-18,20270218,2027,Q1,2,February,2027-02,2027-02-15,True
2027-02-19,20270219,2027,Q1,2,February,2027-02,2027-02-15,True
2027-02-20,20270220,2027,Q1,2,February,2027-02,2027-02-15,True
2027-02-21,20270221,2027,Q1,2,February,2027-02,2027-02-15,True
2027-02-22,20270222,2027,Q1,2,February,2027-02,2027-02-22,True
2027-02-23,20270223,2027,Q1,2,February,2027-02,2027-02-22,True
2027-02-24,20270224,2027,Q1,2,February,2027-02,2027-02-22,True
2027-02-25,20270225,2027,Q1,2,February,2027-02,2027-02-22,True
2027-02-26,20270226,2027,Q1,2,February,2027-02,2027-02-22,True
2027-02-27,20270227,2027,Q1,2,February,2027-02,2027-02-22,True
2027-02-28,20270228,2027,Q1,2,February,2027-02,2027-02-22,True
2027-03-01,20270301,2027,Q1,3,March,2027-03,2027-03-01,True
2027-03-02,20270302,2027,Q1,3,March,2027-03,2027-03-01,True
2027-03-03,20270303,2027,Q1,3,March,2027-03,2027-03-01,True
2027-03-04,20270304,2027,Q1,3,March,2027-03,2027-03-01,True
2027-03-05,20270305,2027,Q1,3,March,2027-03,2027-03-01,True
2027-03-06,20270306,2027,Q1,3,March,2027-03,2027-03-01,True
2027-03-07,20270307,2027,Q1,3,March,2027-03,2027-03-01,True
2027-03-08,20270308,2027,Q1,3,March,2027-03,2027-03-08,True
2027-03-09,20270309,2027,Q1,3,March,2027-03,2027-03-08,True
2027-03-10,20270310,2027,Q1,3,March,2027-03,2027-03-08,True
2027-03-11,20270311,2027,Q1,3,March,2027-03,2027-03-08,True
2027-03-12,20270312,2027,Q1,3,March,2027-03,2027-03-08,True
2027-03-13,20270313,2027,Q1,3,March,2027-03,2027-03-08,True
2027-03-14,20270314,2027,Q1,3,March,2027-03,2027-03-08,True
2027-03-15,20270315,2027,Q1,3,March,2027-03,2027-03-15,True
2027-03-16,20270316,2027,Q1,3,March,2027-03,2027-03-15,True
2027-03-17,20270317,2027,Q1,3,March,2027-03,2027-03-15,True
2027-03-18,20270318,2027,Q1,3,March,2027-03,2027-03-15,True
2027-03-19,20270319,2027,Q1,3,March,2027-03,2027-03-15,True
2027-03-20,20270320,2027,Q1,3,March,2027-03,2027-03-15,True
2027-03-21,20270321,2027,Q1,3,March,2027-03,2027-03-15,True
2027-03-22,20270322,2027,Q1,3,March,2027-03,2027-03-22,True
2027-03-23,20270323,2027,Q1,3,March,2027-03,2027-03-22,True
2027-03-24,20270324,2027,Q1,3,March,2027-03,2027-03-22,True
2027-03-25,20270325,2027,Q1,3,March,2027-03,2027-03-22,True
2027-03-26,20270326,2027,Q1,3,March,2027-03,2027-03-22,True
2027-03-27,20270327,2027,Q1,3,March,2027-03,2027-03-22,True
2027-03-28,20270328,2027,Q1,3,March,2027-03,2027-03-22,True
2027-03-29,20270329,2027,Q1,3,March,2027-03,2027-03-29,True
2027-03-30,20270330,2027,Q1,3,March,2027-03,2027-03-29,True
2027-03-31,20270331,2027,Q1,3,March,2027-03,2027-03-29,True
2027-04-01,20270401,2027,Q2,4,April,2027-04,2027-03-29,True
2027-04-02,20270402,2027,Q2,4,April,2027-04,2027-03-29,True
2027-04-03,20270403,2027,Q2,4,April,2027-04,2027-03-29,True
2027-04-04,20270404,2027,Q2,4,April,2027-04,2027-03-29,True
2027-04-05,20270405,2027,Q2,4,April,2027-04,2027-04-05,True
2027-04-06,20270406,2027,Q2,4,April,2027-04,2027-04-05,True
2027-04-07,20270407,2027,Q2,4,April,2027-04,2027-04-05,True
2027-04-08,20270408,2027,Q2,4,April,2027-04,2027-04-05,True
2027-04-09,20270409,2027,Q2,4,April,2027-04,2027-04-05,True
2027-04-10,20270410,2027,Q2,4,April,2027-04,2027-04-05,True
2027-04-11,20270411,2027,Q2,4,April,2027-04,2027-04-05,True
2027-04-12,20270412,2027,Q2,4,April,2027-04,2027-04-12,True
2027-04-13,20270413,2027,Q2,4,April,2027-04,2027-04-12,True
2027-04-14,20270414,2027,Q2,4,April,2027-04,2027-04-12,True
2027-04-15,20270415,2027,Q2,4,April,2027-04,2027-04-12,True
2027-04-16,20270416,2027,Q2,4,April,2027-04,2027-04-12,True
2027-04-17,20270417,2027,Q2,4,April,2027-04,2027-04-12,True
2027-04-18,20270418,2027,Q2,4,April,2027-04,2027-04-12,True
2027-04-19,20270419,2027,Q2,4,April,2027-04,2027-04-19,True
2027-04-20,20270420,2027,Q2,4,April,2027-04,2027-04-19,True
2027-04-21,20270421,2027,Q2,4,April,2027-04,2027-04-19,True
2027-04-22,20270422,2027,Q2,4,April,2027-04,2027-04-19,True
2027-04-23,20270423,2027,Q2,4,April,2027-04,2027-04-19,True
2027-04-24,20270424,2027,Q2,4,April,2027-04,2027-04-19,True
2027-04-25,20270425,2027,Q2,4,April,2027-04,2027-04-19,True
2027-04-26,20270426,2027,Q2,4,April,2027-04,2027-04-26,True
2027-04-27,20270427,2027,Q2,4,April,2027-04,2027-04-26,True
2027-04-28,20270428,2027,Q2,4,April,2027-04,2027-04-26,True
2027-04-29,20270429,2027,Q2,4,April,2027-04,2027-04-26,True
2027-04-30,20270430,2027,Q2,4,April,2027-04,2027-04-26,True
2027-05-01,20270501,2027,Q2,5,May,2027-05,2027-04-26,True
2027-05-02,20270502,2027,Q2,5,May,2027-05,2027-04-26,True
2027-05-03,20270503,2027,Q2,5,May,2027-05,2027-05-03,True
2027-05-04,20270504,2027,Q2,5,May,2027-05,2027-05-03,True
2027-05-05,20270505,2027,Q2,5,May,2027-05,2027-05-03,True
2027-05-06,20270506,2027,Q2,5,May,2027-05,2027-05-03,True
2027-05-07,20270507,2027,Q2,5,May,2027-05,2027-05-03,True
2027-05-08,20270508,2027,Q2,5,May,2027-05,2027-05-03,True
2027-05-09,20270509,2027,Q2,5,May,2027-05,2027-05-03,True
2027-05-10,20270510,2027,Q2,5,May,2027-05,2027-05-10,True
2027-05-11,20270511,2027,Q2,5,May,2027-05,2027-05-10,True
2027-05-12,20270512,2027,Q2,5,May,2027-05,2027-05-10,True
2027-05-13,20270513,2027,Q2,5,May,2027-05,2027-05-10,True
2027-05-14,20270514,2027,Q2,5,May,2027-05,2027-05-10,True
2027-05-15,20270515,2027,Q2,5,May,2027-05,2027-05-10,True
2027-05-16,20270516,2027,Q2,5,May,2027-05,2027-05-10,True
2027-05-17,20270517,2027,Q2,5,May,2027-05,2027-05-17,True
2027-05-18,20270518,2027,Q2,5,May,2027-05,2027-05-17,True
2027-05-19,20270519,2027,Q2,5,May,2027-05,2027-05-17,True
2027-05-20,20270520,2027,Q2,5,May,2027-05,2027-05-17,True
2027-05-21,20270521,2027,Q2,5,May,2027-05,2027-05-17,True
2027-05-22,20270522,2027,Q2,5,May,2027-05,2027-05-17,True
2027-05-23,20270523,2027,Q2,5,May,2027-05,2027-05-17,True
2027-05-24,20270524,2027,Q2,5,May,2027-05,2027-05-24,True
2027-05-25,20270525,2027,Q2,5,May,2027-05,2027-05-24,True
2027-05-26,20270526,2027,Q2,5,May,2027-05,2027-05-24,True
2027-05-27,20270527,2027,Q2,5,May,2027-05,2027-05-24,True
2027-05-28,20270528,2027,Q2,5,May,2027-05,2027-05-24,True
2027-05-29,20270529,2027,Q2,5,May,2027-05,2027-05-24,True
2027-05-30,20270530,2027,Q2,5,May,2027-05,2027-05-24,True
2027-05-31,20270531,2027,Q2,5,May,2027-05,2027-05-31,True
2027-06-01,20270601,2027,Q2,6,June,2027-06,2027-05-31,True
2027-06-02,20270602,2027,Q2,6,June,2027-06,2027-05-31,True
2027-06-03,20270603,2027,Q2,6,June,2027-06,2027-05-31,True
2027-06-04,20270604,2027,Q2,6,June,2027-06,2027-05-31,True
2027-06-05,20270605,2027,Q2,6,June,2027-06,2027-05-31,True
2027-06-06,20270606,2027,Q2,6,June,2027-06,2027-05-31,True
2027-06-07,20270607,2027,Q2,6,June,2027-06,2027-06-07,True
2027-06-08,20270608,2027,Q2,6,June,2027-06,2027-06-07,True
2027-06-09,20270609,2027,Q2,6,June,2027-06,2027-06-07,True
2027-06-10,20270610,2027,Q2,6,June,2027-06,2027-06-07,True
2027-06-11,20270611,2027,Q2,6,June,2027-06,2027-06-07,True
2027-06-12,20270612,2027,Q2,6,June,2027-06,2027-06-07,True
2027-06-13,20270613,2027,Q2,6,June,2027-06,2027-06-07,True
2027-06-14,20270614,2027,Q2,6,June,2027-06,2027-06-14,True
2027-06-15,20270615,2027,Q2,6,June,2027-06,2027-06-14,True
2027-06-16,20270616,2027,Q2,6,June,2027-06,2027-06-14,True
2027-06-17,20270617,2027,Q2,6,June,2027-06,2027-06-14,True
2027-06-18,20270618,2027,Q2,6,June,2027-06,2027-06-14,True
2027-06-19,20270619,2027,Q2,6,June,2027-06,2027-06-14,True
2027-06-20,20270620,2027,Q2,6,June,2027-06,2027-06-14,True
2027-06-21,20270621,2027,Q2,6,June,2027-06,2027-06-21,True
2027-06-22,20270622,2027,Q2,6,June,2027-06,2027-06-21,True
2027-06-23,20270623,2027,Q2,6,June,2027-06,2027-06-21,True
2027-06-24,20270624,2027,Q2,6,June,2027-06,2027-06-21,True
2027-06-25,20270625,2027,Q2,6,June,2027-06,2027-06-21,True
2027-06-26,20270626,2027,Q2,6,June,2027-06,2027-06-21,True
2027-06-27,20270627,2027,Q2,6,June,2027-06,2027-06-21,True
2027-06-28,20270628,2027,Q2,6,June,2027-06,2027-06-28,True
2027-06-29,20270629,2027,Q2,6,June,2027-06,2027-06-28,True
2027-06-30,20270630,2027,Q2,6,June,2027-06,2027-06-28,True
2027-07-01,20270701,2027,Q3,7,July,2027-07,2027-06-28,True
2027-07-02,20270702,2027,Q3,7,July,2027-07,2027-06-28,True
2027-07-03,20270703,2027,Q3,7,July,2027-07,2027-06-28,True
2027-07-04,20270704,2027,Q3,7,July,2027-07,2027-06-28,True
2027-07-05,20270705,2027,Q3,7,July,2027-07,2027-07-05,True
2027-07-06,20270706,2027,Q3,7,July,2027-07,2027-07-05,True
2027-07-07,20270707,2027,Q3,7,July,2027-07,2027-07-05,True
2027-07-08,20270708,2027,Q3,7,July,2027-07,2027-07-05,True
2027-07-09,20270709,2027,Q3,7,July,2027-07,2027-07-05,True
2027-07-10,20270710,2027,Q3,7,July,2027-07,2027-07-05,True
2027-07-11,20270711,2027,Q3,7,July,2027-07,2027-07-05,True
2027-07-12,20270712,2027,Q3,7,July,2027-07,2027-07-12,True
2027-07-13,20270713,2027,Q3,7,July,2027-07,2027-07-12,True
2027-07-14,20270714,2027,Q3,7,July,2027-07,2027-07-12,True
2027-07-15,20270715,2027,Q3,7,July,2027-07,2027-07-12,True
2027-07-16,20270716,2027,Q3,7,July,2027-07,2027-07-12,True
2027-07-17,20270717,2027,Q3,7,July,2027-07,2027-07-12,True
2027-07-18,20270718,2027,Q3,7,July,2027-07,2027-07-12,True
2027-07-19,20270719,2027,Q3,7,July,2027-07,2027-07-19,True
2027-07-20,20270720,2027,Q3,7,July,2027-07,2027-07-19,True
2027-07-21,20270721,2027,Q3,7,July,2027-07,2027-07-19,True
2027-07-22,20270722,2027,Q3,7,July,2027-07,2027-07-19,True
2027-07-23,20270723,2027,Q3,7,July,2027-07,2027-07-19,True
2027-07-24,20270724,2027,Q3,7,July,2027-07,2027-07-19,True
2027-07-25,20270725,2027,Q3,7,July,2027-07,2027-07-19,True
2027-07-26,20270726,2027,Q3,7,July,2027-07,2027-07-26,True
2027-07-27,20270727,2027,Q3,7,July,2027-07,2027-07-26,True
2027-07-28,20270728,2027,Q3,7,July,2027-07,2027-07-26,True
2027-07-29,20270729,2027,Q3,7,July,2027-07,2027-07-26,True
2027-07-30,20270730,2027,Q3,7,July,2027-07,2027-07-26,True
2027-07-31,20270731,2027,Q3,7,July,2027-07,2027-07-26,True
2027-08-01,20270801,2027,Q3,8,August,2027-08,2027-07-26,True
2027-08-02,20270802,2027,Q3,8,August,2027-08,2027-08-02,True
2027-08-03,20270803,2027,Q3,8,August,2027-08,2027-08-02,True
2027-08-04,20270804,2027,Q3,8,August,2027-08,2027-08-02,True
2027-08-05,20270805,2027,Q3,8,August,2027-08,2027-08-02,True
2027-08-06,20270806,2027,Q3,8,August,2027-08,2027-08-02,True
2027-08-07,20270807,2027,Q3,8,August,2027-08,2027-08-02,True
2027-08-08,20270808,2027,Q3,8,August,2027-08,2027-08-02,True
2027-08-09,20270809,2027,Q3,8,August,2027-08,2027-08-09,True
2027-08-10,20270810,2027,Q3,8,August,2027-08,2027-08-09,True
2027-08-11,20270811,2027,Q3,8,August,2027-08,2027-08-09,True
2027-08-12,20270812,2027,Q3,8,August,2027-08,2027-08-09,True
2027-08-13,20270813,2027,Q3,8,August,2027-08,2027-08-09,True
2027-08-14,20270814,2027,Q3,8,August,2027-08,2027-08-09,True
2027-08-15,20270815,2027,Q3,8,August,2027-08,2027-08-09,True
2027-08-16,20270816,2027,Q3,8,August,2027-08,2027-08-16,True
2027-08-17,20270817,2027,Q3,8,August,2027-08,2027-08-16,True
2027-08-18,20270818,2027,Q3,8,August,2027-08,2027-08-16,True
2027-08-19,20270819,2027,Q3,8,August,2027-08,2027-08-16,True
2027-08-20,20270820,2027,Q3,8,August,2027-08,2027-08-16,True
2027-08-21,20270821,2027,Q3,8,August,2027-08,2027-08-16,True
2027-08-22,20270822,2027,Q3,8,August,2027-08,2027-08-16,True
2027-08-23,20270823,2027,Q3,8,August,2027-08,2027-08-23,True
2027-08-24,20270824,2027,Q3,8,August,2027-08,2027-08-23,True
2027-08-25,20270825,2027,Q3,8,August,2027-08,2027-08-23,True
2027-08-26,20270826,2027,Q3,8,August,2027-08,2027-08-23,True
2027-08-27,20270827,2027,Q3,8,August,2027-08,2027-08-23,True
2027-08-28,20270828,2027,Q3,8,August,2027-08,2027-08-23,True
2027-08-29,20270829,2027,Q3,8,August,2027-08,2027-08-23,True
2027-08-30,20270830,2027,Q3,8,August,2027-08,2027-08-30,True
2027-08-31,20270831,2027,Q3,8,August,2027-08,2027-08-30,True
2027-09-01,20270901,2027,Q3,9,September,2027-09,2027-08-30,True
2027-09-02,20270902,2027,Q3,9,September,2027-09,2027-08-30,True
2027-09-03,20270903,2027,Q3,9,September,2027-09,2027-08-30,True
2027-09-04,20270904,2027,Q3,9,September,2027-09,2027-08-30,True
2027-09-05,20270905,2027,Q3,9,September,2027-09,2027-08-30,True
2027-09-06,20270906,2027,Q3,9,September,2027-09,2027-09-06,True
2027-09-07,20270907,2027,Q3,9,September,2027-09,2027-09-06,True
2027-09-08,20270908,2027,Q3,9,September,2027-09,2027-09-06,True
2027-09-09,20270909,2027,Q3,9,September,2027-09,2027-09-06,True
2027-09-10,20270910,2027,Q3,9,September,2027-09,2027-09-06,True
2027-09-11,20270911,2027,Q3,9,September,2027-09,2027-09-06,True
2027-09-12,20270912,2027,Q3,9,September,2027-09,2027-09-06,True
2027-09-13,20270913,2027,Q3,9,September,2027-09,2027-09-13,True
2027-09-14,20270914,2027,Q3,9,September,2027-09,2027-09-13,True
2027-09-15,20270915,2027,Q3,9,September,2027-09,2027-09-13,True
2027-09-16,20270916,2027,Q3,9,September,2027-09,2027-09-13,True
2027-09-17,20270917,2027,Q3,9,September,2027-09,2027-09-13,True
2027-09-18,20270918,2027,Q3,9,September,2027-09,2027-09-13,True
2027-09-19,20270919,2027,Q3,9,September,2027-09,2027-09-13,True
2027-09-20,20270920,2027,Q3,9,September,2027-09,2027-09-20,True
2027-09-21,20270921,2027,Q3,9,September,2027-09,2027-09-20,True
2027-09-22,20270922,2027,Q3,9,September,2027-09,2027-09-20,True
2027-09-23,20270923,2027,Q3,9,September,2027-09,2027-09-20,True
2027-09-24,20270924,2027,Q3,9,September,2027-09,2027-09-20,True
2027-09-25,20270925,2027,Q3,9,September,2027-09,2027-09-20,True
2027-09-26,20270926,2027,Q3,9,September,2027-09,2027-09-20,True
2027-09-27,20270927,2027,Q3,9,September,2027-09,2027-09-27,True
2027-09-28,20270928,2027,Q3,9,September,2027-09,2027-09-27,True
2027-09-29,20270929,2027,Q3,9,September,2027-09,2027-09-27,True
2027-09-30,20270930,2027,Q3,9,September,2027-09,2027-09-27,True
2027-10-01,20271001,2027,Q4,10,October,2027-10,2027-09-27,True
2027-10-02,20271002,2027,Q4,10,October,2027-10,2027-09-27,True
2027-10-03,20271003,2027,Q4,10,October,2027-10,2027-09-27,True
2027-10-04,20271004,2027,Q4,10,October,2027-10,2027-10-04,True
2027-10-05,20271005,2027,Q4,10,October,2027-10,2027-10-04,True
2027-10-06,20271006,2027,Q4,10,October,2027-10,2027-10-04,True
2027-10-07,20271007,2027,Q4,10,October,2027-10,2027-10-04,True
2027-10-08,20271008,2027,Q4,10,October,2027-10,2027-10-04,True
2027-10-09,20271009,2027,Q4,10,October,2027-10,2027-10-04,True
2027-10-10,20271010,2027,Q4,10,October,2027-10,2027-10-04,True
2027-10-11,20271011,2027,Q4,10,October,2027-10,2027-10-11,True
2027-10-12,20271012,2027,Q4,10,October,2027-10,2027-10-11,True
2027-10-13,20271013,2027,Q4,10,October,2027-10,2027-10-11,True
2027-10-14,20271014,2027,Q4,10,October,2027-10,2027-10-11,True
2027-10-15,20271015,2027,Q4,10,October,2027-10,2027-10-11,True
2027-10-16,20271016,2027,Q4,10,October,2027-10,2027-10-11,True
2027-10-17,20271017,2027,Q4,10,October,2027-10,2027-10-11,True
2027-10-18,20271018,2027,Q4,10,October,2027-10,2027-10-18,True
2027-10-19,20271019,2027,Q4,10,October,2027-10,2027-10-18,True
2027-10-20,20271020,2027,Q4,10,October,2027-10,2027-10-18,True
2027-10-21,20271021,2027,Q4,10,October,2027-10,2027-10-18,True
2027-10-22,20271022,2027,Q4,10,October,2027-10,2027-10-18,True
2027-10-23,20271023,2027,Q4,10,October,2027-10,2027-10-18,True
2027-10-24,20271024,2027,Q4,10,October,2027-10,2027-10-18,True
2027-10-25,20271025,2027,Q4,10,October,2027-10,2027-10-25,True
2027-10-26,20271026,2027,Q4,10,October,2027-10,2027-10-25,True
2027-10-27,20271027,2027,Q4,10,October,2027-10,2027-10-25,True
2027-10-28,20271028,2027,Q4,10,October,2027-10,2027-10-25,True
2027-10-29,20271029,2027,Q4,10,October,2027-10,2027-10-25,True
2027-10-30,20271030,2027,Q4,10,October,2027-10,2027-10-25,True
2027-10-31,20271031,2027,Q4,10,October,2027-10,2027-10-25,True
2027-11-01,20271101,2027,Q4,11,November,2027-11,2027-11-01,True
2027-11-02,20271102,2027,Q4,11,November,2027-11,2027-11-01,True
2027-11-03,20271103,2027,Q4,11,November,2027-11,2027-11-01,True
2027-11-04,20271104,2027,Q4,11,November,2027-11,2027-11-01,True
2027-11-05,20271105,2027,Q4,11,November,2027-11,2027-11-01,True
2027-11-06,20271106,2027,Q4,11,November,2027-11,2027-11-01,True
2027-11-07,20271107,2027,Q4,11,November,2027-11,2027-11-01,True
2027-11-08,20271108,2027,Q4,11,November,2027-11,2027-11-08,True
2027-11-09,20271109,2027,Q4,11,November,2027-11,2027-11-08,True
2027-11-10,20271110,2027,Q4,11,November,2027-11,2027-11-08,True
2027-11-11,20271111,2027,Q4,11,November,2027-11,2027-11-08,True
2027-11-12,20271112,2027,Q4,11,November,2027-11,2027-11-08,True
2027-11-13,20271113,2027,Q4,11,November,2027-11,2027-11-08,True
2027-11-14,20271114,2027,Q4,11,November,2027-11,2027-11-08,True
2027-11-15,20271115,2027,Q4,11,November,2027-11,2027-11-15,True
2027-11-16,20271116,2027,Q4,11,November,2027-11,2027-11-15,True
2027-11-17,20271117,2027,Q4,11,November,2027-11,2027-11-15,True
2027-11-18,20271118,2027,Q4,11,November,2027-11,2027-11-15,True
2027-11-19,20271119,2027,Q4,11,November,2027-11,2027-11-15,True
2027-11-20,20271120,2027,Q4,11,November,2027-11,2027-11-15,True
2027-11-21,20271121,2027,Q4,11,November,2027-11,2027-11-15,True
2027-11-22,20271122,2027,Q4,11,November,2027-11,2027-11-22,True
2027-11-23,20271123,2027,Q4,11,November,2027-11,2027-11-22,True
2027-11-24,20271124,2027,Q4,11,November,2027-11,2027-11-22,True
2027-11-25,20271125,2027,Q4,11,November,2027-11,2027-11-22,True
2027-11-26,20271126,2027,Q4,11,November,2027-11,2027-11-22,True
2027-11-27,20271127,2027,Q4,11,November,2027-11,2027-11-22,True
2027-11-28,20271128,2027,Q4,11,November,2027-11,2027-11-22,True
2027-11-29,20271129,2027,Q4,11,November,2027-11,2027-11-29,True
2027-11-30,20271130,2027,Q4,11,November,2027-11,2027-11-29,True
2027-12-01,20271201,2027,Q4,12,December,2027-12,2027-11-29,True
2027-12-02,20271202,2027,Q4,12,December,2027-12,2027-11-29,True
2027-12-03,20271203,2027,Q4,12,December,2027-12,2027-11-29,True
2027-12-04,20271204,2027,Q4,12,December,2027-12,2027-11-29,True
2027-12-05,20271205,2027,Q4,12,December,2027-12,2027-11-29,True
2027-12-06,20271206,2027,Q4,12,December,2027-12,2027-12-06,True
2027-12-07,20271207,2027,Q4,12,December,2027-12,2027-12-06,True
2027-12-08,20271208,2027,Q4,12,December,2027-12,2027-12-06,True
2027-12-09,20271209,2027,Q4,12,December,2027-12,2027-12-06,True
2027-12-10,20271210,2027,Q4,12,December,2027-12,2027-12-06,True
2027-12-11,20271211,2027,Q4,12,December,2027-12,2027-12-06,True
2027-12-12,20271212,2027,Q4,12,December,2027-12,2027-12-06,True
2027-12-13,20271213,2027,Q4,12,December,2027-12,2027-12-13,True
2027-12-14,20271214,2027,Q4,12,December,2027-12,2027-12-13,True
2027-12-15,20271215,2027,Q4,12,December,2027-12,2027-12-13,True
2027-12-16,20271216,2027,Q4,12,December,2027-12,2027-12-13,True
2027-12-17,20271217,2027,Q4,12,December,2027-12,2027-12-13,True
2027-12-18,20271218,2027,Q4,12,December,2027-12,2027-12-13,True
2027-12-19,20271219,2027,Q4,12,December,2027-12,2027-12-13,True
2027-12-20,20271220,2027,Q4,12,December,2027-12,2027-12-20,True
2027-12-21,20271221,2027,Q4,12,December,2027-12,2027-12-20,True
2027-12-22,20271222,2027,Q4,12,December,2027-12,2027-12-20,True
2027-12-23,20271223,2027,Q4,12,December,2027-12,2027-12-20,True
2027-12-24,20271224,2027,Q4,12,December,2027-12,2027-12-20,True
2027-12-25,20271225,2027,Q4,12,December,2027-12,2027-12-20,True
2027-12-26,20271226,2027,Q4,12,December,2027-12,2027-12-20,True
2027-12-27,20271227,2027,Q4,12,December,2027-12,2027-12-27,True
2027-12-28,20271228,2027,Q4,12,December,2027-12,2027-12-27,True
2027-12-29,20271229,2027,Q4,12,December,2027-12,2027-12-27,True
2027-12-30,20271230,2027,Q4,12,December,2027-12,2027-12-27,True
2027-12-31,20271231,2027,Q4,12,December,2027-12,2027-12-27,True
2028-01-01,20280101,2028,Q1,1,January,2028-01,2027-12-27,True
2028-01-02,20280102,2028,Q1,1,January,2028-01,2027-12-27,True
2028-01-03,20280103,2028,Q1,1,January,2028-01,2028-01-03,True
2028-01-04,20280104,2028,Q1,1,January,2028-01,2028-01-03,True
2028-01-05,20280105,2028,Q1,1,January,2028-01,2028-01-03,True
2028-01-06,20280106,2028,Q1,1,January,2028-01,2028-01-03,True
2028-01-07,20280107,2028,Q1,1,January,2028-01,2028-01-03,True
2028-01-08,20280108,2028,Q1,1,January,2028-01,2028-01-03,True
2028-01-09,20280109,2028,Q1,1,January,2028-01,2028-01-03,True
2028-01-10,20280110,2028,Q1,1,January,2028-01,2028-01-10,True
2028-01-11,20280111,2028,Q1,1,January,2028-01,2028-01-10,True
2028-01-12,20280112,2028,Q1,1,January,2028-01,2028-01-10,True
2028-01-13,20280113,2028,Q1,1,January,2028-01,2028-01-10,True
2028-01-14,20280114,2028,Q1,1,January,2028-01,2028-01-10,True
2028-01-15,20280115,2028,Q1,1,January,2028-01,2028-01-10,True
2028-01-16,20280116,2028,Q1,1,January,2028-01,2028-01-10,True
2028-01-17,20280117,2028,Q1,1,January,2028-01,2028-01-17,True
2028-01-18,20280118,2028,Q1,1,January,2028-01,2028-01-17,True
2028-01-19,20280119,2028,Q1,1,January,2028-01,2028-01-17,True
2028-01-20,20280120,2028,Q1,1,January,2028-01,2028-01-17,True
2028-01-21,20280121,2028,Q1,1,January,2028-01,2028-01-17,True
2028-01-22,20280122,2028,Q1,1,January,2028-01,2028-01-17,True
2028-01-23,20280123,2028,Q1,1,January,2028-01,2028-01-17,True
2028-01-24,20280124,2028,Q1,1,January,2028-01,2028-01-24,True
2028-01-25,20280125,2028,Q1,1,January,2028-01,2028-01-24,True
2028-01-26,20280126,2028,Q1,1,January,2028-01,2028-01-24,True
2028-01-27,20280127,2028,Q1,1,January,2028-01,2028-01-24,True
2028-01-28,20280128,2028,Q1,1,January,2028-01,2028-01-24,True
2028-01-29,20280129,2028,Q1,1,January,2028-01,2028-01-24,True
2028-01-30,20280130,2028,Q1,1,January,2028-01,2028-01-24,True
2028-01-31,20280131,2028,Q1,1,January,2028-01,2028-01-31,True
2028-02-01,20280201,2028,Q1,2,February,2028-02,2028-01-31,True
2028-02-02,20280202,2028,Q1,2,February,2028-02,2028-01-31,True
2028-02-03,20280203,2028,Q1,2,February,2028-02,2028-01-31,True
2028-02-04,20280204,2028,Q1,2,February,2028-02,2028-01-31,True
2028-02-05,20280205,2028,Q1,2,February,2028-02,2028-01-31,True
2028-02-06,20280206,2028,Q1,2,February,2028-02,2028-01-31,True
2028-02-07,20280207,2028,Q1,2,February,2028-02,2028-02-07,True
2028-02-08,20280208,2028,Q1,2,February,2028-02,2028-02-07,True
2028-02-09,20280209,2028,Q1,2,February,2028-02,2028-02-07,True
2028-02-10,20280210,2028,Q1,2,February,2028-02,2028-02-07,True
2028-02-11,20280211,2028,Q1,2,February,2028-02,2028-02-07,True
2028-02-12,20280212,2028,Q1,2,February,2028-02,2028-02-07,True
2028-02-13,20280213,2028,Q1,2,February,2028-02,2028-02-07,True
2028-02-14,20280214,2028,Q1,2,February,2028-02,2028-02-14,True
2028-02-15,20280215,2028,Q1,2,February,2028-02,2028-02-14,True
2028-02-16,20280216,2028,Q1,2,February,2028-02,2028-02-14,True
2028-02-17,20280217,2028,Q1,2,February,2028-02,2028-02-14,True
2028-02-18,20280218,2028,Q1,2,February,2028-02,2028-02-14,True
2028-02-19,20280219,2028,Q1,2,February,2028-02,2028-02-14,True
2028-02-20,20280220,2028,Q1,2,February,2028-02,2028-02-14,True
2028-02-21,20280221,2028,Q1,2,February,2028-02,2028-02-21,True
2028-02-22,20280222,2028,Q1,2,February,2028-02,2028-02-21,True
2028-02-23,20280223,2028,Q1,2,February,2028-02,2028-02-21,True
2028-02-24,20280224,2028,Q1,2,February,2028-02,2028-02-21,True
2028-02-25,20280225,2028,Q1,2,February,2028-02,2028-02-21,True
2028-02-26,20280226,2028,Q1,2,February,2028-02,2028-02-21,True
2028-02-27,20280227,2028,Q1,2,February,2028-02,2028-02-21,True
2028-02-28,20280228,2028,Q1,2,February,2028-02,2028-02-28,True
2028-02-29,20280229,2028,Q1,2,February,2028-02,2028-02-28,True
2028-03-01,20280301,2028,Q1,3,March,2028-03,2028-02-28,True
2028-03-02,20280302,2028,Q1,3,March,2028-03,2028-02-28,True
2028-03-03,20280303,2028,Q1,3,March,2028-03,2028-02-28,True
2028-03-04,20280304,2028,Q1,3,March,2028-03,2028-02-28,True
2028-03-05,20280305,2028,Q1,3,March,2028-03,2028-02-28,True
2028-03-06,20280306,2028,Q1,3,March,2028-03,2028-03-06,True
2028-03-07,20280307,2028,Q1,3,March,2028-03,2028-03-06,True
2028-03-08,20280308,2028,Q1,3,March,2028-03,2028-03-06,True
2028-03-09,20280309,2028,Q1,3,March,2028-03,2028-03-06,True
2028-03-10,20280310,2028,Q1,3,March,2028-03,2028-03-06,True
2028-03-11,20280311,2028,Q1,3,March,2028-03,2028-03-06,True
2028-03-12,20280312,2028,Q1,3,March,2028-03,2028-03-06,True
2028-03-13,20280313,2028,Q1,3,March,2028-03,2028-03-13,True
2028-03-14,20280314,2028,Q1,3,March,2028-03,2028-03-13,True
2028-03-15,20280315,2028,Q1,3,March,2028-03,2028-03-13,True
2028-03-16,20280316,2028,Q1,3,March,2028-03,2028-03-13,True
2028-03-17,20280317,2028,Q1,3,March,2028-03,2028-03-13,True
2028-03-18,20280318,2028,Q1,3,March,2028-03,2028-03-13,True
2028-03-19,20280319,2028,Q1,3,March,2028-03,2028-03-13,True
2028-03-20,20280320,2028,Q1,3,March,2028-03,2028-03-20,True
2028-03-21,20280321,2028,Q1,3,March,2028-03,2028-03-20,True
2028-03-22,20280322,2028,Q1,3,March,2028-03,2028-03-20,True
2028-03-23,20280323,2028,Q1,3,March,2028-03,2028-03-20,True
2028-03-24,20280324,2028,Q1,3,March,2028-03,2028-03-20,True
2028-03-25,20280325,2028,Q1,3,March,2028-03,2028-03-20,True
2028-03-26,20280326,2028,Q1,3,March,2028-03,2028-03-20,True
2028-03-27,20280327,2028,Q1,3,March,2028-03,2028-03-27,True
2028-03-28,20280328,2028,Q1,3,March,2028-03,2028-03-27,True
2028-03-29,20280329,2028,Q1,3,March,2028-03,2028-03-27,True
2028-03-30,20280330,2028,Q1,3,March,2028-03,2028-03-27,True
2028-03-31,20280331,2028,Q1,3,March,2028-03,2028-03-27,True
2028-04-01,20280401,2028,Q2,4,April,2028-04,2028-03-27,True
2028-04-02,20280402,2028,Q2,4,April,2028-04,2028-03-27,True
2028-04-03,20280403,2028,Q2,4,April,2028-04,2028-04-03,True
2028-04-04,20280404,2028,Q2,4,April,2028-04,2028-04-03,True
2028-04-05,20280405,2028,Q2,4,April,2028-04,2028-04-03,True
2028-04-06,20280406,2028,Q2,4,April,2028-04,2028-04-03,True
2028-04-07,20280407,2028,Q2,4,April,2028-04,2028-04-03,True
2028-04-08,20280408,2028,Q2,4,April,2028-04,2028-04-03,True
2028-04-09,20280409,2028,Q2,4,April,2028-04,2028-04-03,True
2028-04-10,20280410,2028,Q2,4,April,2028-04,2028-04-10,True
2028-04-11,20280411,2028,Q2,4,April,2028-04,2028-04-10,True
2028-04-12,20280412,2028,Q2,4,April,2028-04,2028-04-10,True
2028-04-13,20280413,2028,Q2,4,April,2028-04,2028-04-10,True
2028-04-14,20280414,2028,Q2,4,April,2028-04,2028-04-10,True
2028-04-15,20280415,2028,Q2,4,April,2028-04,2028-04-10,True
2028-04-16,20280416,2028,Q2,4,April,2028-04,2028-04-10,True
2028-04-17,20280417,2028,Q2,4,April,2028-04,2028-04-17,True
2028-04-18,20280418,2028,Q2,4,April,2028-04,2028-04-17,True
2028-04-19,20280419,2028,Q2,4,April,2028-04,2028-04-17,True
2028-04-20,20280420,2028,Q2,4,April,2028-04,2028-04-17,True
2028-04-21,20280421,2028,Q2,4,April,2028-04,2028-04-17,True
2028-04-22,20280422,2028,Q2,4,April,2028-04,2028-04-17,True
2028-04-23,20280423,2028,Q2,4,April,2028-04,2028-04-17,True
2028-04-24,20280424,2028,Q2,4,April,2028-04,2028-04-24,True
2028-04-25,20280425,2028,Q2,4,April,2028-04,2028-04-24,True
2028-04-26,20280426,2028,Q2,4,April,2028-04,2028-04-24,True
2028-04-27,20280427,2028,Q2,4,April,2028-04,2028-04-24,True
2028-04-28,20280428,2028,Q2,4,April,2028-04,2028-04-24,True
2028-04-29,20280429,2028,Q2,4,April,2028-04,2028-04-24,True
2028-04-30,20280430,2028,Q2,4,April,2028-04,2028-04-24,True
2028-05-01,20280501,2028,Q2,5,May,2028-05,2028-05-01,True
2028-05-02,20280502,2028,Q2,5,May,2028-05,2028-05-01,True
2028-05-03,20280503,2028,Q2,5,May,2028-05,2028-05-01,True
2028-05-04,20280504,2028,Q2,5,May,2028-05,2028-05-01,True
2028-05-05,20280505,2028,Q2,5,May,2028-05,2028-05-01,True
2028-05-06,20280506,2028,Q2,5,May,2028-05,2028-05-01,True
2028-05-07,20280507,2028,Q2,5,May,2028-05,2028-05-01,True
2028-05-08,20280508,2028,Q2,5,May,2028-05,2028-05-08,True
2028-05-09,20280509,2028,Q2,5,May,2028-05,2028-05-08,True
2028-05-10,20280510,2028,Q2,5,May,2028-05,2028-05-08,True
2028-05-11,20280511,2028,Q2,5,May,2028-05,2028-05-08,True
2028-05-12,20280512,2028,Q2,5,May,2028-05,2028-05-08,True
2028-05-13,20280513,2028,Q2,5,May,2028-05,2028-05-08,True
2028-05-14,20280514,2028,Q2,5,May,2028-05,2028-05-08,True
2028-05-15,20280515,2028,Q2,5,May,2028-05,2028-05-15,True
2028-05-16,20280516,2028,Q2,5,May,2028-05,2028-05-15,True
2028-05-17,20280517,2028,Q2,5,May,2028-05,2028-05-15,True
2028-05-18,20280518,2028,Q2,5,May,2028-05,2028-05-15,True
2028-05-19,20280519,2028,Q2,5,May,2028-05,2028-05-15,True
2028-05-20,20280520,2028,Q2,5,May,2028-05,2028-05-15,True
2028-05-21,20280521,2028,Q2,5,May,2028-05,2028-05-15,True
2028-05-22,20280522,2028,Q2,5,May,2028-05,2028-05-22,True
2028-05-23,20280523,2028,Q2,5,May,2028-05,2028-05-22,True
2028-05-24,20280524,2028,Q2,5,May,2028-05,2028-05-22,True
2028-05-25,20280525,2028,Q2,5,May,2028-05,2028-05-22,True
2028-05-26,20280526,2028,Q2,5,May,2028-05,2028-05-22,True
2028-05-27,20280527,2028,Q2,5,May,2028-05,2028-05-22,True
2028-05-28,20280528,2028,Q2,5,May,2028-05,2028-05-22,True
2028-05-29,20280529,2028,Q2,5,May,2028-05,2028-05-29,True
2028-05-30,20280530,2028,Q2,5,May,2028-05,2028-05-29,True
2028-05-31,20280531,2028,Q2,5,May,2028-05,2028-05-29,True
2028-06-01,20280601,2028,Q2,6,June,2028-06,2028-05-29,True
2028-06-02,20280602,2028,Q2,6,June,2028-06,2028-05-29,True
2028-06-03,20280603,2028,Q2,6,June,2028-06,2028-05-29,True
2028-06-04,20280604,2028,Q2,6,June,2028-06,2028-05-29,True
2028-06-05,20280605,2028,Q2,6,June,2028-06,2028-06-05,True
2028-06-06,20280606,2028,Q2,6,June,2028-06,2028-06-05,True
2028-06-07,20280607,2028,Q2,6,June,2028-06,2028-06-05,True
2028-06-08,20280608,2028,Q2,6,June,2028-06,2028-06-05,True
2028-06-09,20280609,2028,Q2,6,June,2028-06,2028-06-05,True
2028-06-10,20280610,2028,Q2,6,June,2028-06,2028-06-05,True
2028-06-11,20280611,2028,Q2,6,June,2028-06,2028-06-05,True
2028-06-12,20280612,2028,Q2,6,June,2028-06,2028-06-12,True
2028-06-13,20280613,2028,Q2,6,June,2028-06,2028-06-12,True
2028-06-14,20280614,2028,Q2,6,June,2028-06,2028-06-12,True
2028-06-15,20280615,2028,Q2,6,June,2028-06,2028-06-12,True
2028-06-16,20280616,2028,Q2,6,June,2028-06,2028-06-12,True
2028-06-17,20280617,2028,Q2,6,June,2028-06,2028-06-12,True
2028-06-18,20280618,2028,Q2,6,June,2028-06,2028-06-12,True
2028-06-19,20280619,2028,Q2,6,June,2028-06,2028-06-19,True
2028-06-20,20280620,2028,Q2,6,June,2028-06,2028-06-19,True
2028-06-21,20280621,2028,Q2,6,June,2028-06,2028-06-19,True
2028-06-22,20280622,2028,Q2,6,June,2028-06,2028-06-19,True
2028-06-23,20280623,2028,Q2,6,June,2028-06,2028-06-19,True
2028-06-24,20280624,2028,Q2,6,June,2028-06,2028-06-19,True
2028-06-25,20280625,2028,Q2,6,June,2028-06,2028-06-19,True
2028-06-26,20280626,2028,Q2,6,June,2028-06,2028-06-26,True
2028-06-27,20280627,2028,Q2,6,June,2028-06,2028-06-26,True
2028-06-28,20280628,2028,Q2,6,June,2028-06,2028-06-26,True
2028-06-29,20280629,2028,Q2,6,June,2028-06,2028-06-26,True
2028-06-30,20280630,2028,Q2,6,June,2028-06,2028-06-26,True
2028-07-01,20280701,2028,Q3,7,July,2028-07,2028-06-26,True
2028-07-02,20280702,2028,Q3,7,July,2028-07,2028-06-26,True
2028-07-03,20280703,2028,Q3,7,July,2028-07,2028-07-03,True
2028-07-04,20280704,2028,Q3,7,July,2028-07,2028-07-03,True
2028-07-05,20280705,2028,Q3,7,July,2028-07,2028-07-03,True
2028-07-06,20280706,2028,Q3,7,July,2028-07,2028-07-03,True
2028-07-07,20280707,2028,Q3,7,July,2028-07,2028-07-03,True
2028-07-08,20280708,2028,Q3,7,July,2028-07,2028-07-03,True
2028-07-09,20280709,2028,Q3,7,July,2028-07,2028-07-03,True
2028-07-10,20280710,2028,Q3,7,July,2028-07,2028-07-10,True
2028-07-11,20280711,2028,Q3,7,July,2028-07,2028-07-10,True
2028-07-12,20280712,2028,Q3,7,July,2028-07,2028-07-10,True
2028-07-13,20280713,2028,Q3,7,July,2028-07,2028-07-10,True
2028-07-14,20280714,2028,Q3,7,July,2028-07,2028-07-10,True
2028-07-15,20280715,2028,Q3,7,July,2028-07,2028-07-10,True
2028-07-16,20280716,2028,Q3,7,July,2028-07,2028-07-10,True
2028-07-17,20280717,2028,Q3,7,July,2028-07,2028-07-17,True
2028-07-18,20280718,2028,Q3,7,July,2028-07,2028-07-17,True
2028-07-19,20280719,2028,Q3,7,July,2028-07,2028-07-17,True
2028-07-20,20280720,2028,Q3,7,July,2028-07,2028-07-17,True
2028-07-21,20280721,2028,Q3,7,July,2028-07,2028-07-17,True
2028-07-22,20280722,2028,Q3,7,July,2028-07,2028-07-17,True
2028-07-23,20280723,2028,Q3,7,July,2028-07,2028-07-17,True
2028-07-24,20280724,2028,Q3,7,July,2028-07,2028-07-24,True
2028-07-25,20280725,2028,Q3,7,July,2028-07,2028-07-24,True
2028-07-26,20280726,2028,Q3,7,July,2028-07,2028-07-24,True
2028-07-27,20280727,2028,Q3,7,July,2028-07,2028-07-24,True
2028-07-28,20280728,2028,Q3,7,July,2028-07,2028-07-24,True
2028-07-29,20280729,2028,Q3,7,July,2028-07,2028-07-24,True
2028-07-30,20280730,2028,Q3,7,July,2028-07,2028-07-24,True
2028-07-31,20280731,2028,Q3,7,July,2028-07,2028-07-31,True
2028-08-01,20280801,2028,Q3,8,August,2028-08,2028-07-31,True
2028-08-02,20280802,2028,Q3,8,August,2028-08,2028-07-31,True
2028-08-03,20280803,2028,Q3,8,August,2028-08,2028-07-31,True
2028-08-04,20280804,2028,Q3,8,August,2028-08,2028-07-31,True
2028-08-05,20280805,2028,Q3,8,August,2028-08,2028-07-31,True
2028-08-06,20280806,2028,Q3,8,August,2028-08,2028-07-31,True
2028-08-07,20280807,2028,Q3,8,August,2028-08,2028-08-07,True
2028-08-08,20280808,2028,Q3,8,August,2028-08,2028-08-07,True
2028-08-09,20280809,2028,Q3,8,August,2028-08,2028-08-07,True
2028-08-10,20280810,2028,Q3,8,August,2028-08,2028-08-07,True
2028-08-11,20280811,2028,Q3,8,August,2028-08,2028-08-07,True
2028-08-12,20280812,2028,Q3,8,August,2028-08,2028-08-07,True
2028-08-13,20280813,2028,Q3,8,August,2028-08,2028-08-07,True
2028-08-14,20280814,2028,Q3,8,August,2028-08,2028-08-14,True
2028-08-15,20280815,2028,Q3,8,August,2028-08,2028-08-14,True
2028-08-16,20280816,2028,Q3,8,August,2028-08,2028-08-14,True
2028-08-17,20280817,2028,Q3,8,August,2028-08,2028-08-14,True
2028-08-18,20280818,2028,Q3,8,August,2028-08,2028-08-14,True
2028-08-19,20280819,2028,Q3,8,August,2028-08,2028-08-14,True
2028-08-20,20280820,2028,Q3,8,August,2028-08,2028-08-14,True
2028-08-21,20280821,2028,Q3,8,August,2028-08,2028-08-21,True
2028-08-22,20280822,2028,Q3,8,August,2028-08,2028-08-21,True
2028-08-23,20280823,2028,Q3,8,August,2028-08,2028-08-21,True
2028-08-24,20280824,2028,Q3,8,August,2028-08,2028-08-21,True
2028-08-25,20280825,2028,Q3,8,August,2028-08,2028-08-21,True
2028-08-26,20280826,2028,Q3,8,August,2028-08,2028-08-21,True
2028-08-27,20280827,2028,Q3,8,August,2028-08,2028-08-21,True
2028-08-28,20280828,2028,Q3,8,August,2028-08,2028-08-28,True
2028-08-29,20280829,2028,Q3,8,August,2028-08,2028-08-28,True
2028-08-30,20280830,2028,Q3,8,August,2028-08,2028-08-28,True
2028-08-31,20280831,2028,Q3,8,August,2028-08,2028-08-28,True
2028-09-01,20280901,2028,Q3,9,September,2028-09,2028-08-28,True
2028-09-02,20280902,2028,Q3,9,September,2028-09,2028-08-28,True
2028-09-03,20280903,2028,Q3,9,September,2028-09,2028-08-28,True
2028-09-04,20280904,2028,Q3,9,September,2028-09,2028-09-04,True
2028-09-05,20280905,2028,Q3,9,September,2028-09,2028-09-04,True
2028-09-06,20280906,2028,Q3,9,September,2028-09,2028-09-04,True
2028-09-07,20280907,2028,Q3,9,September,2028-09,2028-09-04,True
2028-09-08,20280908,2028,Q3,9,September,2028-09,2028-09-04,True
2028-09-09,20280909,2028,Q3,9,September,2028-09,2028-09-04,True
2028-09-10,20280910,2028,Q3,9,September,2028-09,2028-09-04,True
2028-09-11,20280911,2028,Q3,9,September,2028-09,2028-09-11,True
2028-09-12,20280912,2028,Q3,9,September,2028-09,2028-09-11,True
2028-09-13,20280913,2028,Q3,9,September,2028-09,2028-09-11,True
2028-09-14,20280914,2028,Q3,9,September,2028-09,2028-09-11,True
2028-09-15,20280915,2028,Q3,9,September,2028-09,2028-09-11,True
2028-09-16,20280916,2028,Q3,9,September,2028-09,2028-09-11,True
2028-09-17,20280917,2028,Q3,9,September,2028-09,2028-09-11,True
2028-09-18,20280918,2028,Q3,9,September,2028-09,2028-09-18,True
2028-09-19,20280919,2028,Q3,9,September,2028-09,2028-09-18,True
2028-09-20,20280920,2028,Q3,9,September,2028-09,2028-09-18,True
2028-09-21,20280921,2028,Q3,9,September,2028-09,2028-09-18,True
2028-09-22,20280922,2028,Q3,9,September,2028-09,2028-09-18,True
2028-09-23,20280923,2028,Q3,9,September,2028-09,2028-09-18,True
2028-09-24,20280924,2028,Q3,9,September,2028-09,2028-09-18,True
2028-09-25,20280925,2028,Q3,9,September,2028-09,2028-09-25,True
2028-09-26,20280926,2028,Q3,9,September,2028-09,2028-09-25,True
2028-09-27,20280927,2028,Q3,9,September,2028-09,2028-09-25,True
2028-09-28,20280928,2028,Q3,9,September,2028-09,2028-09-25,True
2028-09-29,20280929,2028,Q3,9,September,2028-09,2028-09-25,True
2028-09-30,20280930,2028,Q3,9,September,2028-09,2028-09-25,True
2028-10-01,20281001,2028,Q4,10,October,2028-10,2028-09-25,True
2028-10-02,20281002,2028,Q4,10,October,2028-10,2028-10-02,True
2028-10-03,20281003,2028,Q4,10,October,2028-10,2028-10-02,True
2028-10-04,20281004,2028,Q4,10,October,2028-10,2028-10-02,True
2028-10-05,20281005,2028,Q4,10,October,2028-10,2028-10-02,True
2028-10-06,20281006,2028,Q4,10,October,2028-10,2028-10-02,True
2028-10-07,20281007,2028,Q4,10,October,2028-10,2028-10-02,True
2028-10-08,20281008,2028,Q4,10,October,2028-10,2028-10-02,True
2028-10-09,20281009,2028,Q4,10,October,2028-10,2028-10-09,True
2028-10-10,20281010,2028,Q4,10,October,2028-10,2028-10-09,True
2028-10-11,20281011,2028,Q4,10,October,2028-10,2028-10-09,True
2028-10-12,20281012,2028,Q4,10,October,2028-10,2028-10-09,True
2028-10-13,20281013,2028,Q4,10,October,2028-10,2028-10-09,True
2028-10-14,20281014,2028,Q4,10,October,2028-10,2028-10-09,True
2028-10-15,20281015,2028,Q4,10,October,2028-10,2028-10-09,True
2028-10-16,20281016,2028,Q4,10,October,2028-10,2028-10-16,True
2028-10-17,20281017,2028,Q4,10,October,2028-10,2028-10-16,True
2028-10-18,20281018,2028,Q4,10,October,2028-10,2028-10-16,True
2028-10-19,20281019,2028,Q4,10,October,2028-10,2028-10-16,True
2028-10-20,20281020,2028,Q4,10,October,2028-10,2028-10-16,True
2028-10-21,20281021,2028,Q4,10,October,2028-10,2028-10-16,True
2028-10-22,20281022,2028,Q4,10,October,2028-10,2028-10-16,True
2028-10-23,20281023,2028,Q4,10,October,2028-10,2028-10-23,True
2028-10-24,20281024,2028,Q4,10,October,2028-10,2028-10-23,True
2028-10-25,20281025,2028,Q4,10,October,2028-10,2028-10-23,True
2028-10-26,20281026,2028,Q4,10,October,2028-10,2028-10-23,True
2028-10-27,20281027,2028,Q4,10,October,2028-10,2028-10-23,True
2028-10-28,20281028,2028,Q4,10,October,2028-10,2028-10-23,True
2028-10-29,20281029,2028,Q4,10,October,2028-10,2028-10-23,True
2028-10-30,20281030,2028,Q4,10,October,2028-10,2028-10-30,True
2028-10-31,20281031,2028,Q4,10,October,2028-10,2028-10-30,True
2028-11-01,20281101,2028,Q4,11,November,2028-11,2028-10-30,True
2028-11-02,20281102,2028,Q4,11,November,2028-11,2028-10-30,True
2028-11-03,20281103,2028,Q4,11,November,2028-11,2028-10-30,True
2028-11-04,20281104,2028,Q4,11,November,2028-11,2028-10-30,True
2028-11-05,20281105,2028,Q4,11,November,2028-11,2028-10-30,True
2028-11-06,20281106,2028,Q4,11,November,2028-11,2028-11-06,True
2028-11-07,20281107,2028,Q4,11,November,2028-11,2028-11-06,True
2028-11-08,20281108,2028,Q4,11,November,2028-11,2028-11-06,True
2028-11-09,20281109,2028,Q4,11,November,2028-11,2028-11-06,True
2028-11-10,20281110,2028,Q4,11,November,2028-11,2028-11-06,True
2028-11-11,20281111,2028,Q4,11,November,2028-11,2028-11-06,True
2028-11-12,20281112,2028,Q4,11,November,2028-11,2028-11-06,True
2028-11-13,20281113,2028,Q4,11,November,2028-11,2028-11-13,True
2028-11-14,20281114,2028,Q4,11,November,2028-11,2028-11-13,True
2028-11-15,20281115,2028,Q4,11,November,2028-11,2028-11-13,True
2028-11-16,20281116,2028,Q4,11,November,2028-11,2028-11-13,True
2028-11-17,20281117,2028,Q4,11,November,2028-11,2028-11-13,True
2028-11-18,20281118,2028,Q4,11,November,2028-11,2028-11-13,True
2028-11-19,20281119,2028,Q4,11,November,2028-11,2028-11-13,True
2028-11-20,20281120,2028,Q4,11,November,2028-11,2028-11-20,True
2028-11-21,20281121,2028,Q4,11,November,2028-11,2028-11-20,True
2028-11-22,20281122,2028,Q4,11,November,2028-11,2028-11-20,True
2028-11-23,20281123,2028,Q4,11,November,2028-11,2028-11-20,True
2028-11-24,20281124,2028,Q4,11,November,2028-11,2028-11-20,True
2028-11-25,20281125,2028,Q4,11,November,2028-11,2028-11-20,True
2028-11-26,20281126,2028,Q4,11,November,2028-11,2028-11-20,True
2028-11-27,20281127,2028,Q4,11,November,2028-11,2028-11-27,True
2028-11-28,20281128,2028,Q4,11,November,2028-11,2028-11-27,True
2028-11-29,20281129,2028,Q4,11,November,2028-11,2028-11-27,True
2028-11-30,20281130,2028,Q4,11,November,2028-11,2028-11-27,True
